Provider State,Provider Zip Code
AL,35601
AL,36083
AL,35502
AL,36518
AL,35550
AL,35801
AL,35553
AL,35442
AL,35622
AL,36607
AL,35160
AL,35121
AL,36904
AL,35950
AL,35570
AL,36853
AL,36604
AL,36613
AL,36033
AL,35904
AL,35125
AL,36272
AL,36801
AL,36037
AL,35010
AL,36360
AL,35042
AL,36460
AL,36608
AL,36420
AL,36110
CO,80501
CO,80919
CO,80004
CO,80211
CO,80228
CO,80904
CO,80120
CO,81650
FL,32092
FL,34442
FL,34236
FL,33025
GA,30471
GA,30041
GA,31407
MA,1902
KS,66725
IA,51346
IA,51334
IA,51566
IA,51529
IA,51025
IA,50436
IA,51246
IA,52241
IA,52627
IA,50638
IA,51237
IA,50616
IA,52172
IA,52625
IA,50112
IA,52151
IA,50021
MN,55804
IA,50674
IA,52742
IA,52632
KS,66762
IA,52537
NY,10924
KS,66002
KS,66044
KS,66524
KS,67502
KS,66502
KS,66614
KS,67439
KS,67361
KS,66043
KS,66111
KS,66739
KS,67665
KS,67530
KS,67045
KS,67337
KS,67039
KS,67052
OH,45891
KS,66757
KS,66060
KS,67601
KS,67901
KS,66066
KS,66067
KS,67548
KS,67801
KS,67730
KS,66763
KS,67505
KS,67063
KS,66533
OR,97405
KS,67029
KS,67156
KY,41075
KY,42071
KY,40743
KY,40205
KY,40218
KY,41822
KY,41653
KY,40004
KY,42167
KY,42240
KY,41522
KY,42141
KY,42029
KY,42303
KY,40245
KY,41101
LA,70806
LA,70748
LA,71291
LA,70458
LA,70121
LA,70128
LA,70461
LA,71334
LA,70068
LA,70071
LA,70003
LA,71449
LA,70570
LA,70301
LA,70072
LA,70764
LA,71106
LA,71203
LA,70811
LA,71295
LA,70538
LA,71360
LA,71232
LA,71263
LA,71222
LA,71269
LA,71118
LA,70808
LA,70601
LA,70119
LA,70663
LA,70392
PA,19035
ME,4938
MD,21550
ME,4943
ME,4210
ME,4649
ME,4364
ME,4743
MD,20815
MD,21211
MD,21212
MD,21215
MD,20850
MD,21802
MD,21157
MD,21851
MD,21222
MD,20744
MD,21784
MD,20782
MD,21713
MD,20906
MD,20735
MD,21224
MD,20854
MD,21228
MD,21853
MD,21220
MD,20721
MD,21050
MD,21911
MD,20783
MD,21613
MD,21701
MD,21133
MD,21229
MD,21502
MD,20814
MD,21032
MD,21620
MD,21403
MD,20716
MD,20688
MD,20678
MD,21037
MD,20774
MD,21771
MD,21216
MD,20695
MD,21030
MA,2766
MA,2420
MA,2188
MA,2184
MA,1420
MA,1923
MA,1001
MA,1906
MA,2138
MA,1440
MA,1020
MA,2081
MA,1851
MA,2532
MA,1752
MA,2062
MA,2346
MA,2657
MA,2780
MA,2189
MA,2493
MA,1501
MA,2176
MA,2767
MA,1960
MA,1240
MA,2135
MA,1835
MA,1450
MA,1773
MI,49635
MI,49707
MI,48842
MI,48193
MI,49783
MI,48076
MI,49423
MI,49456
MI,48192
MI,49544
MI,48207
MI,48654
MI,48212
MI,49684
MI,48823
MI,48629
MI,48631
MI,48154
MI,49664
MI,48034
MI,48085
MI,48442
MI,48065
MN,56208
MN,55303
MN,55110
MN,55343
MN,55102
MN,56560
MN,56143
MN,56071
MN,55313
MN,56001
MS,38701
MS,39654
MS,38930
MS,38703
MS,38637
MS,39056
MO,63944
MO,63301
MO,64601
MO,64485
MO,64050
TX,79601
VA,24083
NE,69341
NE,68901
NE,68727
NE,68632
NE,68003
NE,69165
NE,68930
NE,68028
NE,68462
NJ,7716
NJ,7055
NJ,7016
NJ,8701
NJ,7480
NJ,8817
NJ,7410
NM,88005
NM,87111
NM,87801
NM,87109
NM,87108
NY,10550
NY,12564
NY,10701
NY,10002
NY,11201
NY,12020
NY,11717
NY,10465
NY,12010
NY,12561
NY,13760
NC,27834
NC,28901
NC,27893
OH,45458
OH,44408
OH,44224
OH,45760
OH,45406
OH,43016
OH,44146
OH,44440
OH,44515
OH,45439
OH,45660
OH,45804
OH,43130
OH,43138
OH,44632
OH,45224
OH,43616
OH,45628
OH,44708
OH,43558
OH,43050
OH,44839
OH,44641
OK,73554
OK,73801
OK,73107
OK,73052
OK,74354
OK,74631
OR,97030
OR,97220
OR,97504
OR,97224
PA,17566
PA,17044
PA,16901
PA,15243
PA,17857
PA,18330
PA,19002
PA,18013
PA,18436
PA,18052
PA,19150
PA,18940
TX,77030
TX,78014
AL,36535
AL,36092
AL,35473
AL,35045
AL,35631
AL,35611
AL,36427
AL,35674
AL,35127
AL,35206
AL,35768
AL,36925
AL,35150
AL,36116
AL,35111
AL,35653
AL,36106
AL,35210
AL,36264
AL,35020
AL,35957
AL,35952
AL,36701
AL,35077
AL,36526
AL,36066
AL,35217
AL,36605
AL,35205
AL,36323
AL,35055
AL,35234
AL,36603
AL,36401
AL,36854
AL,36756
AL,35476
AL,36266
AL,35481
AL,36078
AL,36340
AL,35563
AL,35582
AL,35214
AL,35226
AL,35976
AL,35603
AL,36862
AL,35023
AL,36532
AL,35954
AL,35228
AL,36079
AL,36748
AL,36027
AL,35961
AL,35072
AL,35504
AL,36617
AL,36467
AL,36331
AL,35901
AL,35999
AL,36784
AL,36863
AL,35758
AL,35592
AL,35960
AL,35071
AL,36203
AL,35650
AL,36251
AL,36274
AL,35215
AL,35805
AL,36502
AL,35016
AL,35007
AL,35630
AL,35244
AL,36302
AL,35967
AL,35555
AL,35565
AL,35211
AL,35905
AL,36867
AL,36089
AL,35462
AL,36305
AL,35962
AL,36732
AL,36703
AL,36207
AL,35204
AL,36522
AR,72956
AZ,85247
AK,99762
AK,99504
AK,99664
AK,99574
AR,72205
AK,99801
AR,71957
AK,99615
AR,72150
AR,72904
AR,71667
AL,36567
AL,35128
AR,72801
CA,91764
CA,95240
AR,72833
CA,95969
CA,93654
CA,90201
CA,92504
CA,95490
CA,92805
CA,90061
CA,91790
CA,90025
CA,94109
CA,95054
AZ,85260
CA,91103
CA,94024
CA,91776
CA,93720
CA,91750
CA,91042
AR,71854
CA,90026
AR,71665
AR,72086
AR,72104
CA,92506
CA,90404
CA,95348
CA,91942
AL,35953
AR,71832
CA,90732
CA,90806
CA,92102
CA,95603
AR,72034
AR,72432
CA,91768
AZ,86047
CA,91950
AZ,85351
AR,72401
AR,72653
CA,94556
AZ,85050
AZ,85364
CA,94040
CA,92832
AK,99833
CA,91205
AZ,85040
AZ,85029
CA,94509
AR,72442
AR,71635
CA,91214
CA,91107
AR,72601
CA,92802
CA,91204
CA,95695
CA,94609
CA,90033
AZ,85015
AZ,85718
AZ,85338
CA,92373
CA,95405
CA,95608
AZ,85382
CA,90036
AR,72450
CA,91733
CA,91706
AZ,85032
CA,91740
CA,94903
AR,72834
AZ,85016
AL,36310
CA,92123
AZ,85712
CA,90042
CA,91344
AR,71901
CA,95945
CA,90301
AZ,85048
CA,90006
CA,91762
AR,72342
AR,72023
CA,91711
CA,93105
CA,90011
CA,95991
AR,72204
CA,90502
CA,90016
CA,91607
AL,35763
AL,36693
AR,72635
CA,91977
CA,91040
AZ,86322
AR,71655
CA,95926
CA,91506
AR,72335
CA,92110
CA,94602
CA,95207
CA,90034
CA,92139
CA,95336
AZ,86001
AZ,85268
CA,95632
CA,93726
CA,92024
CA,90240
CA,95822
AZ,85323
CA,95350
CA,91010
CA,90046
CA,93657
CA,92103
CA,90602
CA,92404
CA,95425
CA,95366
AZ,86314
AR,72472
CA,95340
AR,72761
CA,90706
AR,72560
CA,93950
CA,91775
AL,35235
AR,71852
AZ,85205
CA,95688
CA,93277
AR,72923
AR,71913
CA,90029
CA,91754
CA,90717
CA,90048
AZ,86406
AR,72160
AL,36107
AR,71603
AR,71701
AR,71653
CA,95014
CA,95501
CA,93401
CA,90814
AZ,85374
AR,72712
CA,90606
AZ,85340
CA,92105
CA,94610
CA,90503
CA,93638
CA,94015
CA,91020
CA,90631
AR,72113
CA,95128
CA,91770
CA,92543
CA,94115
CA,90230
AZ,85635
CA,94116
CA,91206
AR,72762
CA,91941
AZ,85719
CA,90805
CA,93454
CA,95124
CA,93023
CA,90019
AR,71730
CA,92780
AZ,85120
CA,93610
CA,95616
CA,92262
CA,91342
CA,92411
CA,90723
CA,95355
AR,72315
CA,94952
CA,93637
AZ,86401
AR,72437
AR,72921
CA,92835
CA,91304
CA,91016
AZ,85602
AR,72112
CA,95472
AR,72064
AZ,85224
CA,92705
CA,94565
CA,90804
CA,94611
CA,92627
CA,92509
AR,71943
CA,90023
CA,90701
AK,99669
AL,35406
AR,72513
AZ,86326
AR,71801
AR,72126
AR,72040
CA,92025
CA,93706
AZ,86305
CA,95816
AL,36109
AL,35806
AR,72404
AR,72042
CA,95691
CA,93631
AR,72543
AL,36265
CA,92653
AR,72764
AR,72830
AZ,85206
CA,94705
AK,99686
CA,91105
CA,90803
AZ,85710
CA,95841
AZ,86442
CA,94901
CA,94044
AR,72650
AR,71909
AR,72753
CA,92392
AZ,85254
AZ,85020
CA,95010
AZ,85008
CA,92879
AL,35802
AR,71953
CA,91723
CA,93263
CA,90650
CA,96001
AR,72641
AR,72927
CA,94521
AL,35242
AR,72455
CA,94549
CA,93257
AZ,85373
AZ,85713
CA,90262
CA,92804
CA,90720
AR,71742
CA,96094
CA,92399
AL,36022
CA,91763
CA,91945
CA,90057
CA,90247
CA,93292
AR,72501
AZ,85546
AR,72110
AZ,85363
AR,72143
AR,72903
AR,72015
CA,95361
AR,71671
CA,95966
AL,35810
CA,92503
CA,95242
AR,71857
AZ,85257
AZ,85614
AZ,85282
AZ,85306
CA,94589
AR,72301
CA,90810
CA,92840
AR,72024
CA,91423
AR,71861
AR,71602
CA,92843
CA,95661
CA,90066
AR,72206
CA,93725
CA,94577
AR,72058
AR,72758
AZ,86351
AL,36695
CA,92586
AZ,85901
AR,72634
CA,94523
AR,72223
AZ,85375
CA,93727
AL,35757
AZ,85345
AR,71923
CA,95824
CA,90802
CA,95112
CA,92571
AL,36303
AZ,85255
AZ,86301
AL,35634
AZ,85501
AR,72088
AZ,85381
AZ,85204
AR,72714
CA,95338
AZ,85704
AZ,85714
CA,91007
AR,72396
CA,94806
CA,95667
CA,93901
CO,80222
CA,95476
CA,95062
CA,92354
CA,92021
CA,95076
AR,72046
CA,94536
CA,94501
CA,90018
CA,93612
CA,96002
AR,72936
CA,90027
CA,91364
CA,91360
AR,72032
CA,90640
CA,90037
CA,90255
CA,91201
CA,94545
AZ,85251
CA,90065
CA,92071
AZ,85208
CA,95482
CA,91356
CA,92020
AR,72740
CA,93940
CA,92647
CA,92335
CA,95117
CA,95050
CA,94533
CA,93003
CA,95129
CA,92407
AR,72703
CA,92037
CA,92056
AR,72114
AL,35051
AR,72021
CA,93703
AR,72076
AL,35209
CA,90815
AR,72756
AR,72022
AR,72519
CA,91767
AR,72632
CA,93534
CA,90813
AL,36442
CA,91910
CA,96080
CA,94595
AL,36344
CA,94598
CA,91402
CA,94546
CA,91321
AZ,85297
AL,35740
AK,99603
CA,95380
CA,93635
CA,95070
AR,72616
AL,36507
AR,72212
CA,91803
AL,35022
AL,35645
AZ,85014
AL,36869
CA,90660
CA,94541
CA,92868
AK,99901
CA,91786
CA,90035
AZ,85258
AR,72715
AR,72512
AR,71958
AL,36527
CA,92624
CA,93274
CA,94117
AR,72081
AR,72476
AR,72116
CA,92544
CA,94704
AL,36104
CA,90620
AL,35594
CA,90638
CA,90017
AR,71654
AZ,85302
AR,72933
CA,95032
CA,91722
CA,95030
AZ,85122
CA,94563
CA,91307
CA,92707
AZ,85006
CA,91320
CA,95630
AL,35803
CA,93230
AL,36541
CA,90242
AR,72687
CA,90302
AR,72120
CA,92841
CA,94578
AK,99752
CA,91731
CA,93060
CA,92376
CA,92111
AK,99701
AR,72053
AR,72117
CA,90405
CA,92663
CA,93458
CA,94519
CA,94122
CA,92264
CA,94506
AR,72461
AR,72101
AR,72556
CA,90603
AR,72031
CA,95407
CA,96130
CO,80033
CA,93304
AR,72823
CA,92346
CA,95307
AR,72908
AR,72901
CA,93436
CA,94087
AR,72949
CA,91335
CA,94301
CA,95453
AZ,85021
AL,36744
AZ,85755
AL,36040
CA,95360
AR,72958
CA,94030
CA,95642
AR,72211
CA,95819
CA,91605
AR,72118
AZ,85013
CA,95037
CA,95825
AZ,85541
CA,92028
CA,94403
AZ,86403
CA,94804
CA,95020
CA,95624
CA,92374
CA,90807
AR,72521
CA,90505
AR,72853
CA,95116
CA,94904
AR,71822
AZ,85201
AZ,85929
CA,90740
AR,71860
CA,93618
CA,92336
CA,93906
CA,95204
CA,93721
CA,91801
CA,91406
CA,92118
CA,91601
CA,93033
AZ,85741
AZ,85607
AR,71753
AL,36049
CA,94544
CA,95125
AR,72370
AL,35549
CA,94112
CA,91766
CA,94591
CA,93625
CA,94558
AZ,85643
AZ,85042
CA,95367
CA,95602
CA,95023
AR,72422
CA,91411
CA,94550
CA,94028
CA,94022
AR,72855
CA,90015
AZ,85301
AR,72360
AZ,85304
AL,36802
AL,36830
AZ,85308
CA,91732
AZ,85283
CA,95382
CA,95249
AZ,85012
CO,80304
CA,94621
CA,94619
AK,99835
CA,92582
AL,36108
CA,92313
AR,72202
CA,90043
AR,72364
CA,95404
CA,95503
AR,71638
AR,72704
CA,93710
CA,90250
CO,80907
CA,92683
CA,94520
CO,80303
CO,80525
CO,80224
CO,81501
CO,80917
CO,81428
CO,80205
CO,80113
CA,91202
CA,93463
CA,91343
CA,95540
CA,91311
CA,91405
CA,93030
CA,93301
CA,95531
CA,91773
CA,93536
CA,90039
CA,91780
CA,94538
CA,93215
CA,94803
CA,90280
CA,94566
CA,93930
CA,92505
CA,93662
CA,94118
CA,92251
CA,92008
CA,95437
CA,92626
CA,90059
CA,92501
CA,95127
CA,95670
CA,95431
CO,80751
CA,94606
CO,80206
CO,80701
CO,80537
CO,81401
CO,80538
CO,81212
CO,81004
CO,80465
CO,80723
CO,80821
CO,80010
CO,80030
CO,80214
CO,80233
CO,80910
CO,80905
CO,81506
CO,80524
CO,81001
CO,80236
CO,80229
CO,80906
CO,80110
CO,80517
CO,80014
CO,81230
CO,80909
CA,90731
CO,80226
CA,94601
CO,81321
CO,81418
CO,80121
CO,80108
CO,80921
CO,80122
CO,80720
CO,81052
CO,80203
CO,80487
CO,81144
CO,80123
CO,81328
CO,80758
CO,81063
CO,80813
CO,81047
CO,80015
CO,80219
CO,80734
CO,80011
CO,80003
CO,81425
CO,80022
CO,81301
CO,81526
CO,80241
CO,80526
CO,81101
CO,81067
CO,80601
CO,81623
CO,81601
CO,80631
CO,80231
CO,80104
CO,81147
CO,81625
CO,80634
CO,81050
CO,80218
CT,6471
CT,6450
CT,6460
CT,6357
CT,6069
CT,6053
CT,6479
CT,6776
CT,6810
CT,6704
CT,6010
CT,6360
CT,6032
CT,6604
CT,6355
CT,6382
CT,6088
CT,6488
DE,19707
DE,19807
DE,19806
DE,19805
DE,19963
DE,19713
DE,19901
DE,19711
DE,19973
DE,19808
DE,19904
DE,19977
CO,81201
CO,81416
CO,80759
CO,80439
CO,81003
CO,80301
CO,81005
CO,81641
CO,80012
CO,80513
CO,80550
CO,80807
CO,81039
CO,81054
CO,80045
CO,80020
CO,80247
CO,80207
CO,81226
CO,80737
CT,6374
CO,81089
CT,6492
CT,6033
CO,80924
CT,6040
CO,80234
CO,81090
CT,6418
CO,80810
CT,6119
CT,6117
CT,6484
CT,6241
CT,6095
CT,6611
CO,80835
CT,6106
CT,6457
CT,6831
CT,6705
CO,81073
CT,6790
CT,6902
CO,81521
CT,6082
CT,6710
CT,6062
CT,6473
CO,80026
CO,80111
CO,80021
CT,6475
CT,6903
CT,6002
CT,6437
CT,6762
CT,6385
CT,6067
CT,6516
CT,6018
CT,6480
CT,6712
CT,6320
CT,6708
CT,6890
CT,6118
CT,6051
CT,6070
CO,80134
CO,80127
CO,80129
CO,80126
CO,80215
CO,80138
CO,81082
CO,81140
CO,80204
CO,80227
CT,6430
CT,6412
CT,6525
CT,6432
CT,6415
CT,6410
CT,6280
CT,6108
CT,6416
CT,6850
CT,6795
CT,6052
CT,6066
CT,6111
CT,6340
CT,6716
CT,6517
CT,6035
CT,6610
CT,6513
CT,6825
CT,6897
CT,6426
CT,6830
CT,6469
CT,6234
CT,6512
CT,6105
CT,6037
CT,6405
CT,6518
CT,6001
CT,6770
CT,6068
CT,6414
CT,6114
CT,6514
CT,6107
CT,6880
CT,6511
CT,6443
CT,6076
FL,33610
FL,33455
FL,33707
FL,34994
FL,33830
FL,33853
FL,32117
FL,32084
FL,32405
FL,33756
FL,34653
FL,34601
FL,34689
FL,33805
FL,32210
FL,34429
FL,33710
FL,32174
FL,32504
FL,32547
FL,33004
FL,33823
FL,32792
FL,33950
FL,32724
FL,34452
FL,32326
FL,33308
FL,32548
FL,32720
FL,33613
FL,32901
FL,33810
FL,33460
FL,33407
FL,34748
FL,33319
CT,6519
CT,6759
FL,33162
FL,32757
CT,6840
FL,34209
FL,32953
CT,6096
CT,6470
CT,6851
CT,6489
CT,6782
CT,6084
FL,32726
FL,32570
CT,6614
CT,6702
CT,6078
FL,33139
FL,33445
FL,33629
FL,34471
CT,6877
CT,6606
CT,6260
CT,6896
CT,6226
CT,6447
CT,6483
CT,6268
CT,6022
CT,6801
CT,6074
CT,6239
DE,19947
FL,33161
DE,19803
FL,33021
FL,33563
FL,32258
DE,19709
FL,33144
FL,33020
DE,19810
GA,30120
GA,31071
FL,33772
GA,30314
FL,32608
FL,33759
FL,32351
DC,20017
DC,20008
DC,20037
DC,20016
DC,20001
FL,32169
FL,33437
FL,33703
FL,33458
FL,33311
FL,33431
FL,33316
FL,33305
FL,33705
CT,6477
FL,32209
FL,33435
FL,32114
FL,34698
FL,33160
FL,33709
FL,32216
FL,34208
CT,6422
FL,33612
DE,19940
DE,19720
DE,19966
DE,19809
DE,19958
DC,20015
DC,20002
DE,19706
DC,20032
DC,20020
DC,20005
DC,20010
DC,20019
DC,20018
FL,32750
FL,34684
FL,34741
FL,32904
FL,33907
FL,33615
FL,34667
FL,33614
FL,33782
FL,34232
FL,33142
FL,34677
FL,34112
FL,33401
FL,32257
FL,32561
FL,32808
FL,33462
FL,34972
FL,34787
FL,33809
FL,33712
FL,33870
FL,33137
FL,32955
FL,33901
FL,34950
FL,33157
FL,34641
FL,33324
FL,33062
FL,33060
FL,32539
FL,32308
FL,32401
FL,33940
FL,34205
FL,33486
FL,33317
FL,33176
FL,32404
FL,33714
FL,33713
FL,34239
FL,33880
FL,32063
FL,34608
FL,33525
FL,33573
FL,34105
FL,32960
FL,33408
FL,32693
FL,34234
FL,33141
FL,33758
FL,34224
FL,33128
FL,33852
FL,32696
FL,32796
FL,33179
FL,32837
FL,32086
FL,33150
FL,33884
FL,32751
FL,32607
FL,32034
FL,32211
FL,34285
FL,34231
FL,32424
FL,33166
FL,33321
FL,32204
FL,33765
FL,32701
FL,33873
FL,33952
FL,32763
FL,33771
FL,34952
FL,33904
FL,33433
FL,32703
FL,32055
FL,33919
FL,34237
FL,32073
FL,34947
FL,32514
FL,34292
FL,32725
FL,32456
FL,34103
FL,33844
FL,33351
FL,33461
FL,32605
FL,32905
FL,32952
FL,33440
FL,34461
FL,33484
FL,33903
FL,34997
FL,32110
FL,33147
FL,33035
FL,32806
FL,34287
FL,33510
FL,34711
FL,33936
FL,34695
FL,32347
FL,32218
FL,33065
FL,33063
FL,34769
FL,34203
FL,32771
FL,32256
FL,33030
FL,33948
FL,33980
FL,33411
FL,33611
FL,33012
FL,32091
FL,33426
FL,33406
FL,34113
FL,33409
FL,32713
FL,33566
FL,33313
FL,32779
FL,33415
FL,33625
FL,33016
FL,34474
FL,32822
FL,33177
FL,34746
FL,33064
FL,33180
FL,34221
FL,32825
FL,32064
FL,34238
FL,33716
FL,32966
FL,33777
FL,33155
FL,33761
FL,33991
FL,33483
FL,32550
FL,33813
FL,33540
FL,32250
FL,32082
FL,32501
FL,33069
FL,32440
FL,32119
FL,32043
FL,33825
FL,33908
FL,32435
FL,32425
FL,34785
FL,32221
FL,34761
FL,33764
FL,32446
FL,32789
FL,32340
FL,33010
FL,33702
FL,34109
FL,33442
FL,32344
FL,33618
FL,32805
FL,34453
FL,32526
FL,33403
FL,33015
FL,33169
FL,32177
FL,33542
FL,32954
FL,33511
FL,32780
FL,34235
FL,32601
FL,34470
FL,33173
FL,33417
FL,32578
FL,33186
FL,32244
FL,34481
FL,32226
FL,33935
FL,33701
FL,34772
FL,33881
FL,32428
FL,33605
FL,32801
FL,32046
FL,33436
FL,32812
FL,33428
FL,32224
FL,33711
FL,33803
FL,34110
FL,34230
FL,32127
FL,33410
FL,33837
FL,32708
FL,33133
FL,32259
FL,32066
FL,33446
FL,32159
FL,32304
FL,34108
FL,32505
FL,32112
FL,34243
FL,32807
FL,32060
FL,32207
FL,34990
FL,32052
FL,32202
FL,32217
FL,32331
FL,33463
FL,32025
FL,34233
FL,32714
FL,33418
FL,33778
FL,33916
FL,32934
FL,32535
FL,32940
FL,33602
FL,32137
FL,32811
FL,32817
FL,34613
FL,32746
FL,32225
FL,33073
FL,32765
FL,32804
FL,33125
FL,33912
FL,33130
FL,33476
FL,32628
FL,34639
FL,34210
FL,33513
GA,30305
GA,30132
GA,30906
GA,31907
GA,30033
GA,30106
GA,30909
GA,31513
GA,39846
GA,30060
FL,33136
FL,32702
FL,34266
FL,32322
FL,33548
FL,33156
FL,33928
GA,30329
FL,33027
FL,32502
FL,32907
FL,33018
FL,32176
FL,32503
FL,34135
FL,32003
FL,33954
FL,34655
FL,33070
FL,33414
FL,32958
GA,30662
GA,30907
GA,31904
GA,30535
GA,30741
GA,39837
GA,30068
GA,30705
GA,30263
GA,30274
GA,31087
GA,30511
GA,30635
GA,31549
GA,30742
GA,30720
GA,31217
GA,31220
GA,31096
GA,30161
GA,30630
GA,30240
GA,31906
GA,30165
GA,31041
GA,31419
GA,30286
GA,31709
GA,31040
GA,31210
GA,31405
GA,30032
GA,30904
GA,30044
GA,30577
GA,30082
GA,30309
GA,31639
GA,30507
GA,30809
GA,31329
GA,30655
GA,30701
GA,31794
GA,30327
GA,39840
GA,30047
GA,30606
GA,31730
GA,31521
GA,31078
GA,30318
GA,30008
GA,30315
GA,30312
GA,30342
GA,30114
GA,31510
GA,31501
GA,30451
GA,30152
GA,30645
GA,30067
GA,30629
GA,30728
GA,30319
GA,31322
GA,31204
GA,30213
GA,30084
GA,31788
GA,30673
GA,39819
GA,30542
GA,30828
GA,30457
GA,30214
GA,31063
GA,31067
GA,30824
GA,30830
GA,31714
GA,31006
GA,31768
GA,31545
GA,30439
GA,31602
GA,30117
GA,30113
GA,30127
GA,30125
GA,31036
GA,30501
GA,31029
GA,30436
GA,30680
GA,30014
GA,31082
GA,30223
GA,30143
GA,31831
GA,30703
GA,30291
GA,30337
GA,31522
GA,31061
GA,30453
GA,30518
GA,30417
GA,31803
GA,30458
IL,60411
IL,60453
GA,30188
GA,30669
GA,31090
GA,31032
GA,39842
GA,30607
GA,30030
GA,30204
GA,30643
GA,30040
GA,31069
GA,31015
GA,31328
GA,30747
GA,30253
IL,60459
GA,31825
GA,30075
GA,31023
GA,30110
GA,30802
GA,31044
GA,30012
GA,30513
GA,31014
GA,31206
GA,30650
GA,31757
GA,30269
GA,30058
GA,30642
GA,31055
GA,31021
GA,31792
GA,31643
GA,30401
GA,30025
GA,30153
GA,31406
GA,30306
GA,30236
GA,30260
GA,31216
HI,96720
GA,31520
GA,30533
GA,30812
GA,30034
GA,30024
HI,96817
HI,96826
GA,30474
HI,96790
HI,96732
GA,30078
HI,96822
HI,96819
GA,30344
GA,31701
GA,30528
GA,30083
GA,30233
GA,30467
GA,30752
GA,31909
GA,31404
GA,31320
GA,31780
GA,31007
GA,30434
GA,30540
GA,30442
GA,30525
GA,31558
GA,31064
GA,30477
GA,39851
GA,30506
GA,30308
GA,30015
GA,31024
GA,31553
IL,62012
IL,62684
IL,61032
IL,61450
IL,62341
IL,61542
IL,60608
IL,60506
IL,61611
ID,83864
IN,46052
IL,61614
IL,62702
ID,83313
ID,83501
IL,61520
IL,60645
IL,60401
IL,62656
IL,61523
IL,62644
ID,83704
IL,62237
IN,47421
IL,60016
IL,60047
IL,62548
IL,60426
IL,60419
IL,62047
IL,60622
IL,62075
IL,62401
IL,62049
GA,31030
IL,60402
IN,47842
IL,61354
IL,60045
IL,60707
IL,60625
IL,61550
IL,60626
IL,60098
IL,62568
IL,62033
IL,60062
IL,61282
IL,60304
IL,61554
IL,62002
IL,60616
IL,60915
GA,31750
IL,60628
IL,62353
IL,60107
IL,61701
IL,60640
IL,60425
IL,60433
IL,60563
IL,60548
HI,96792
IL,60007
IL,60048
IL,62095
IL,61740
IL,60185
IL,61604
ID,83706
IL,61081
IL,62265
IN,47403
IL,60115
ID,83651
IL,60936
IL,61540
IL,62052
GA,30512
IL,61821
ID,83318
IL,60643
IL,61277
IL,62675
IL,61834
GA,31502
IL,60440
GA,31634
IL,62092
IL,62896
IL,62859
IL,60655
GA,31002
IL,60621
IL,61874
IN,46902
IL,62231
IN,46970
IL,60134
IL,60653
IL,60614
IL,61201
IL,62864
IL,62521
IL,60077
IL,60014
IL,62206
IL,61350
IL,62618
IL,61462
IL,61071
IL,61401
IL,61443
IL,61107
IL,60005
IL,60521
IL,60174
IL,60435
IN,46260
IL,62526
IL,62959
IL,60491
IN,46321
IL,60473
GA,30087
IL,61108
ID,83605
IN,47904
ID,83707
IL,62411
IL,61738
IL,61847
IL,62034
IL,61252
IL,60436
ID,83201
IL,62216
ID,83837
IN,47150
IL,60103
IL,61053
IL,60040
ID,83404
HI,96821
IL,60644
IL,61008
IL,60525
IL,62001
IL,61064
HI,96816
IL,62471
IL,60540
IL,60559
ID,83301
IL,60123
IN,47374
IL,60714
IL,60505
IL,61761
ID,83867
IL,61103
IL,62839
IL,61341
IL,60143
IL,60510
GA,31537
IL,61410
IL,61760
IL,62234
ID,83805
IL,62062
IL,60613
IL,62243
IN,46725
IL,62220
IL,61114
IL,62535
ID,83705
IL,61036
GA,31088
IL,60927
IL,62881
IL,60430
IL,61832
IL,61231
IL,62010
GA,31411
IL,60035
IL,60084
IL,60641
ID,83642
IL,62920
IL,62946
IL,60450
HI,96744
IL,62550
IL,61727
IL,61726
GA,30258
GA,39897
IL,62448
IL,62801
IN,46563
IL,61369
GA,31635
ID,83352
ID,83530
IL,62301
IL,60187
IL,62711
ID,83647
IL,61942
IL,62948
IL,61944
IL,60126
GA,31057
IL,60015
IL,60565
IL,62249
IL,60004
IL,62439
IL,61342
IL,62650
IL,62906
IL,62447
GA,39845
HI,96756
IN,47432
IL,61561
IL,60560
IL,61028
IL,60660
GA,31830
IN,46202
IN,46060
ID,83316
IN,47802
IL,60193
IL,62454
IN,47394
IN,47630
IL,62236
IL,61571
IL,62258
IL,60634
IL,61254
IL,62285
IL,62821
IL,60631
IL,62626
IL,61802
IL,60901
IL,62995
IL,60516
IN,46350
IL,60090
IL,61068
HI,96782
GA,30427
IN,46750
IL,60526
ID,83686
IN,46383
ID,83467
GA,30529
GA,30810
IL,61820
IL,61021
IL,62417
GA,31774
IL,60012
IL,61530
IL,62040
IL,60415
IL,60649
IL,62694
IL,60010
IL,60420
IL,60957
IL,60120
IL,60050
IL,60067
IL,60429
IN,47304
IL,61455
IL,62363
IL,62681
ID,83814
GA,30064
IL,62320
IL,60121
IL,60623
IL,60025
IN,47240
IL,60457
IL,62832
IN,46514
IL,61938
IL,60542
GA,30475
IL,61244
IL,60008
IL,61362
IL,61031
IL,61813
IL,62035
IL,62056
IL,62812
IN,46218
IN,46011
IL,60044
IL,60657
IL,60302
IN,46761
IN,46203
GA,31763
IL,62254
IL,60432
IL,60177
ID,83401
IL,60202
ID,83350
GA,30175
ID,83263
IL,60632
GA,31539
GA,31324
IL,62263
IL,62458
IL,60543
GA,31316
IL,61376
IN,47201
IL,60404
IL,60201
IN,47025
IL,60659
ID,83815
IN,46580
IL,62351
IL,60073
IL,60481
IL,60076
IN,46511
IL,60108
HI,96706
IL,62704
IL,60550
GA,31791
IL,62246
IL,62565
ID,83252
IL,61265
IL,60513
IL,60959
IL,61473
IL,61048
IL,60463
IL,60970
IL,62835
IL,61531
IL,62615
IL,62230
IL,62420
IL,61920
GA,30222
ID,83617
IL,60439
ID,83420
IL,60544
IL,60133
IL,62232
IL,61364
IN,46614
IL,60646
HI,96763
IN,46617
IN,47710
IL,62278
IL,60455
IN,47303
ID,83672
HI,96796
IL,60620
IL,62450
ID,83341
GA,31620
IN,46637
IL,60804
IN,46122
GA,31533
IL,60046
ID,83628
IL,60652
IN,46544
IL,62223
HI,96746
ID,83661
IL,60462
IL,61074
IL,62982
IL,60515
IL,62441
IL,60160
GA,30281
IL,62863
IL,62226
IN,47501
IL,61061
IN,47591
IL,60033
IL,62806
IL,62264
IL,61951
IL,62914
IL,60610
GA,30046
IL,61842
HI,96777
IN,46219
ID,83843
IL,62691
IN,46901
IL,61953
IL,60477
IL,61270
IL,62025
ID,83330
IL,60609
IL,60633
IL,60087
IN,47670
IL,61054
IL,61752
IL,62549
IL,61483
IL,60085
IL,61764
IN,46992
IN,46173
IL,61739
IL,62233
IN,46135
IN,46947
IN,46107
IL,61480
IL,62960
IL,62449
IL,61080
IL,61448
IN,46307
IL,61728
IL,62870
IL,60966
IL,60417
IL,62298
IL,60091
IL,60914
IL,60188
GA,30546
GA,30310
IL,61024
IL,60106
IL,61111
GA,31093
IL,62933
IN,47542
GA,30428
IL,60656
IN,46140
IL,60018
IL,62901
IL,60099
IL,60068
IL,60467
IN,46168
IN,47130
IL,61310
IN,46805
IL,62522
IN,46224
ID,83211
ID,83638
IN,47362
IL,60169
IL,60423
IL,60438
ID,83861
IL,60465
GA,31702
IL,60070
ID,83406
IN,46143
IL,62339
ID,83854
IL,60164
IL,61924
IL,60532
IN,46360
IL,60611
IL,60954
IL,62664
IL,60152
ID,83276
IL,60148
GA,30217
ID,83702
ID,83440
IN,47804
IN,46176
IL,60445
IL,60172
GA,30045
IL,61085
IL,62837
IL,60069
ID,83254
IL,61801
IL,62088
IN,47523
IL,61911
ID,83403
IL,60630
IL,60053
IL,60637
IL,60647
IN,47960
IL,62428
IL,60942
IN,46933
IL,60194
IL,61010
IL,62979
IL,62640
IL,62930
IL,62312
IL,61356
IL,61910
IL,61537
ID,83712
IL,60026
ID,83703
HI,96786
IL,62917
IL,60805
IL,62274
IL,62952
GA,31001
IL,62844
IL,60162
IL,60464
IL,60639
ID,83202
IL,62286
IL,62557
IL,61548
IL,60443
IL,61856
IL,60618
HI,96793
ID,83544
ID,83221
IL,60130
IN,46923
IN,46953
IN,46214
IN,47438
IN,46368
IN,47546
IN,46041
IN,46635
IN,47932
IN,46311
IN,46074
IN,46989
IN,47006
IN,46123
IN,46227
IN,47129
IN,46952
IN,46142
IN,47906
IN,46151
IN,46236
IN,46237
IN,46131
IN,46545
IN,46032
IN,47250
IN,46774
IN,46112
IN,47243
IN,46527
IN,47396
IN,47905
IN,46342
IN,46304
IN,46256
IN,46815
IN,47713
IN,47408
IN,46016
IN,47933
IN,47553
IN,47882
IN,46250
IN,46220
IN,47112
IN,46534
IN,47401
IN,47018
IN,47547
IN,47635
IN,47446
IN,46221
IN,46777
IN,47620
IN,47454
IN,46714
IN,46818
IN,47631
IN,47137
IN,47170
IN,47441
IN,46767
IN,47978
IN,46240
IN,47167
IN,47712
IN,47803
IN,46517
IN,46802
IN,46619
IN,47567
IN,46819
IN,46064
IN,46410
IN,46721
IN,47586
IN,46222
IN,46804
IN,46703
IN,46231
IN,46322
IN,47331
IN,47720
IN,46356
IN,46755
IN,46001
IN,47356
IN,46574
IN,46310
IN,46825
IN,47371
IN,47348
IN,47336
IN,46036
IN,46055
IN,46402
IN,47993
IN,46816
IN,46738
IN,46077
IN,46385
IN,46017
IN,47274
IN,46975
IN,46069
IN,47040
IN,46268
IN,47807
IN,46710
IN,46506
IN,47203
IN,46711
IN,47872
IN,47448
IN,46542
IN,47665
IN,46394
IN,46225
IN,46996
IN,47320
IN,47043
IN,47012
IN,47246
IN,47834
IN,46573
IN,46404
IN,47353
IN,46936
IN,46567
IN,46552
IN,47532
IN,47368
IN,47601
IN,47330
IN,46526
IN,47535
IN,46835
IN,46065
IN,47857
IN,47660
IN,47302
IN,46072
IN,46158
IN,46940
IN,47562
IN,46120
IN,46590
IN,47460
IN,47220
IN,46058
IN,46234
IN,46254
IN,47265
IN,47172
IN,46770
IN,46701
IN,46809
IN,46706
IN,46962
IN,46312
IA,50158
IA,50530
IA,52501
IA,50613
IA,50472
IA,50109
IA,50851
IA,51442
IA,50129
IA,50846
IA,52356
IA,50563
IA,50144
IA,50216
IA,50621
IA,51239
IA,50568
IA,50047
IN,46012
IN,47711
IN,46792
IN,47922
IN,46516
IN,46208
IN,46161
IN,47561
IN,46182
IN,46513
IN,46733
IN,46556
IN,47944
IN,47946
IA,52807
IN,46407
IN,47037
IN,47031
IN,46773
IN,46601
IN,46226
IN,47715
IN,47714
IN,47122
IN,46033
IN,46241
IN,46070
IA,52403
IN,46037
IN,46765
IN,47404
IN,46845
IN,46038
IN,47876
IN,47918
IA,50156
IA,52806
IA,50701
IA,52240
IA,52001
IA,50401
IA,51531
IA,51449
IA,50702
IA,52803
IA,52655
IN,47042
IA,52076
IA,51054
IA,52641
IA,50220
IA,51250
IA,50501
IA,51104
IA,51632
IA,51401
IA,50801
IA,51445
IA,52565
IA,51031
IA,52245
IA,51560
IA,50316
IA,51546
IA,50025
IA,50312
IA,52402
IN,46160
IA,52732
IA,50023
IA,50226
IA,52302
IA,50662
IA,50009
IA,52246
IA,50461
IA,52804
IA,50315
IA,50125
IA,51103
IA,50703
IA,50036
IA,50273
IA,50536
IA,50676
IA,50533
IA,50619
IA,51450
IA,50250
IA,52162
IA,52136
IA,52057
IA,50511
IA,51458
IA,50864
IA,52175
IA,50211
IA,50554
IA,50060
IA,50020
IA,52544
IA,52637
IA,50456
IA,50219
IA,51023
IA,50675
IA,51240
IA,50841
IA,50579
IA,51006
IA,50849
IA,50583
IA,50247
IA,52755
IA,51040
IA,50314
IA,50854
IA,50627
IA,50249
IA,52577
IA,51028
IA,52314
IA,52591
IA,50602
IA,51012
IA,52659
IA,52052
IA,52640
IA,50225
IA,51573
IA,50644
IA,50122
IA,50625
IA,50604
IA,51535
IA,50543
IA,52208
IA,50458
IA,50265
IA,51245
IA,50138
IA,50421
IA,51034
IA,50169
IA,52306
IA,52722
IA,51534
IA,52310
IA,51503
IA,50659
IA,51063
IA,50278
IA,52157
IA,52203
IA,50327
IA,50514
IA,50022
IA,52639
IA,50201
IA,50540
IA,52358
IA,50438
IA,50171
IA,51537
IA,50636
IA,50833
IA,50670
IA,51530
IA,50213
IA,52531
IA,50058
IA,50140
IA,51555
IA,50423
IA,50428
IA,52404
IA,50588
IA,50525
IA,52248
IA,50441
IA,51579
IA,50450
IA,50049
IA,51521
IA,52556
IA,51454
IA,51016
IA,50475
IA,52777
IA,52042
IA,52767
IA,52205
IA,50628
IA,50208
IA,50010
IA,50248
IA,52031
IA,51351
IA,51050
IA,51035
IA,51249
IA,52645
IA,50517
IA,50585
IA,50028
IA,50469
IA,52776
IA,52761
IA,51301
IA,50480
IA,52101
IA,51106
IA,50595
IA,52339
IA,51058
IA,52738
IA,50447
IA,50840
IA,50574
IA,50322
IA,52247
IA,50126
IA,52316
IA,51652
IA,52043
IA,50310
IA,52623
IA,52342
IA,50476
IA,52653
IA,52142
IA,52353
IA,50317
IA,52033
IA,52601
IA,50263
IA,51248
IA,52405
IA,52002
IA,52656
IA,50014
IA,52161
IA,52060
IA,50424
IA,50575
IA,50830
IA,50076
IA,50510
IA,50212
IA,50677
IA,50635
IA,50601
IA,51347
IA,50597
IA,50131
IA,51360
IA,52224
IA,51601
IA,51653
IA,50466
IA,50266
IA,52654
IA,51001
KS,66030
KS,67401
KS,67042
KS,66064
KS,67152
KS,66215
KS,66607
KS,66441
KS,67213
KS,66203
KS,67208
KS,66062
IA,51358
IA,50459
IA,51466
IA,50115
IA,50669
IA,51005
IA,50548
IA,51455
IA,50622
IA,52778
IA,50323
IA,50111
IA,52249
KS,66415
IA,52349
IA,51247
IA,51201
IA,52040
IA,52233
KS,67579
KS,67005
KS,67212
KS,67357
KS,66112
KS,66967
KS,67114
IA,51041
KS,67432
KS,66606
KS,66049
KS,66801
KS,67637
KS,66534
KS,66839
KS,67062
IA,52333
IA,50003
IA,52211
IA,50063
IA,52216
IA,52772
KS,67846
KS,66210
KS,67226
KS,66212
KS,66209
KS,66207
KS,67490
KS,67211
KS,66611
KS,66090
KS,66720
KS,66845
KS,67133
KS,66755
KS,66749
KS,67037
KS,66521
KS,66086
KS,66053
KS,67550
KS,66846
KS,67487
KS,67547
KS,67218
KS,67209
KS,66604
KS,66104
KS,66071
KS,67135
KS,66061
KS,66523
KS,67467
KS,66092
KS,67203
KS,66951
KS,66047
KS,67002
KS,67905
KS,66048
KS,67410
KS,66935
KS,67060
KS,67206
KS,66503
KS,66204
KS,67701
KS,67437
KS,66206
KS,67124
KS,66712
KS,67526
KY,40403
KY,40216
KY,40701
KY,42420
KY,41702
KY,40422
KY,40219
KY,41230
KY,41339
KY,42701
KY,42408
KY,40217
KY,42066
KY,40769
KY,40391
KY,40324
KY,41031
KY,40504
KS,67554
KS,67335
KS,67735
KS,66547
KS,67749
KS,66783
KS,66701
KS,66032
KS,66208
KS,67460
KS,66508
KS,67756
KS,66006
KS,67420
KS,66401
KS,67336
KS,66020
KS,67107
KS,67522
KS,66427
KS,67117
KS,66035
KS,67546
KS,66012
KS,67473
KS,67025
KS,67455
KS,66901
KS,67441
KS,66449
KS,67646
KS,66216
KS,67445
KS,67431
KS,66018
KS,67108
KS,66083
KS,67010
KS,66080
KS,67356
KS,66743
KS,66436
KS,66538
KS,67672
KS,67844
KS,67578
KS,66223
KS,67871
KS,67758
KS,67228
KS,67867
KS,67661
KS,67576
KS,67205
KS,67950
KS,67119
KS,67301
KS,67056
KS,67154
KS,66423
KS,67110
KS,67026
KS,66866
KS,66549
KS,67464
KS,66938
KS,67449
KS,67570
KS,66953
KS,66713
KS,66771
KS,67654
KS,67457
KS,67031
KS,67456
KS,67854
KS,67748
KS,67560
KS,67003
KS,67333
KY,42261
KY,40206
KY,40456
KY,40351
KY,40601
KY,42501
KS,67834
KS,66025
KS,67035
KS,66968
KS,67068
KS,66767
KS,66213
KS,66103
KS,66439
KS,67855
KS,66608
KS,67740
KS,66097
KS,66536
KS,67642
KS,67870
KS,67070
KS,66088
KS,67669
KS,67864
KS,67059
KS,67127
KS,67865
KS,67951
KS,67663
KS,66871
KS,67752
KS,67835
KS,67009
KS,67860
KY,40475
KY,42041
KY,42101
KY,42104
KY,42431
KY,40222
KY,42001
KY,41014
KY,42748
KY,40906
KY,42719
KY,41042
KY,41501
KY,42301
KY,40311
KY,42078
KY,40203
KY,41071
KY,41015
KY,40220
KY,40444
KY,42728
KY,40502
KY,42206
KY,42345
KS,66861
KS,67572
KS,67861
KS,67879
KS,67880
KY,41553
KY,42743
KY,41143
KY,42025
KY,40360
KY,40059
KY,41097
KY,40423
KY,41749
KY,40031
KY,42327
KY,40977
KY,40515
KY,42502
KY,40243
KY,41858
KY,41503
KY,42635
KY,42170
KY,42754
KY,40356
KY,40207
KY,40160
KY,41465
KY,40831
KY,41056
KY,42003
KY,40330
KY,42129
KY,41045
KY,40409
KY,40517
KY,40056
KY,41144
KY,40143
KY,40361
KY,42602
KY,41041
KY,42055
KY,42445
KY,40516
KY,42276
KY,41002
KY,40380
KY,40108
KY,42343
KY,40050
KY,40353
KY,40965
KY,41179
KY,41017
KY,40484
KY,40061
KY,42633
KY,42023
KY,42210
KY,42351
KY,42220
KY,40041
LA,70115
LA,70056
KY,41139
KY,42211
KY,40402
KY,40962
KY,42266
KY,42164
KY,42135
KY,42437
KY,40069
KY,40071
KY,41311
KY,42320
KY,40336
KY,42718
KY,40214
KY,42031
KY,41224
KY,40066
KY,40702
KY,42539
KY,40223
KY,40033
KY,40299
KY,42347
KY,41314
KY,40049
KY,42064
KY,42717
KY,40342
KY,41472
KY,40272
KY,42455
KY,42629
KY,40241
KY,41095
KY,41171
KY,40065
KY,41006
KY,41240
KY,41064
KY,40006
KY,42749
KY,40823
KY,41102
KY,41018
KY,40322
KY,41701
KY,40390
KY,40509
KY,40511
KY,42413
LA,70471
KY,40047
LA,71111
LA,71082
LA,70546
LA,70438
LA,70737
LA,70560
LA,70563
LA,70122
LA,70070
LA,70433
LA,70380
LA,70512
KY,40215
KY,40347
LA,70118
LA,71210
LA,71103
KY,41076
LA,70114
LA,71064
LA,70123
LA,70605
LA,70508
LA,70791
LA,71457
LA,70058
LA,71068
LA,71342
LA,71483
LA,71301
LA,70360
LA,70548
LA,71282
LA,70065
LA,71251
LA,71129
LA,71351
LA,71055
LA,71241
LA,70062
LA,70542
LA,70131
LA,70448
LA,70002
LA,70653
LA,70364
LA,70760
LA,71115
LA,71446
LA,70809
LA,70403
LA,70816
LA,71418
LA,71270
LA,71467
LA,70047
LA,71075
LA,71101
ME,4103
LA,71001
ME,3904
LA,70555
LA,70422
LA,70501
LA,70526
LA,71417
LA,71303
LA,70655
LA,71112
LA,70346
LA,71343
LA,70726
LA,71202
LA,70578
LA,70615
LA,70815
LA,70582
LA,71486
LA,70586
LA,71378
LA,71038
LA,71254
LA,70817
LA,71261
LA,70037
LA,71463
LA,70520
LA,70506
LA,71323
LA,70515
LA,70525
LA,70374
LA,70544
LA,70767
LA,70518
LA,70535
LA,70576
LA,70125
LA,71220
LA,70591
LA,70634
LA,70633
ME,4426
ME,4102
ME,4112
LA,70554
ME,4073
ME,4473
ME,4401
ME,4240
ME,3906
ME,4785
ME,4730
ME,4011
LA,71052
LA,70714
LA,70427
LA,70084
LA,70126
LA,71211
LA,71040
ME,4412
ME,4543
ME,4074
ME,4043
LA,70444
ME,4037
LA,70006
ME,4092
ME,4009
ME,4627
LA,71201
ME,4976
LA,71292
LA,70510
LA,71019
LA,70441
LA,71322
LA,70507
ME,4843
ME,4330
ME,4105
ME,4915
ME,4736
ME,4448
ME,4072
ME,4631
ME,4462
ME,4605
ME,4096
ME,4538
ME,4745
ME,4038
ME,4920
ME,4005
ME,4609
ME,4901
ME,4062
ME,4281
MD,20902
MD,21102
MD,20650
MD,20747
MD,21208
MD,20904
ME,4765
MD,21601
ME,4530
MD,21817
MD,20910
MD,21227
ME,4457
MD,21204
ME,4658
MD,20895
MD,21286
ME,4756
MD,20852
MD,21804
MD,21078
ME,4930
ME,4106
MD,21863
MD,21811
MD,21114
ME,4654
ME,4769
ME,4268
ME,4276
ME,4032
ME,4341
ME,4221
ME,4841
ME,4950
ME,4289
ME,4945
MD,21044
MD,21740
MD,21093
MD,21921
MD,21617
MD,21237
MD,21742
MD,20706
MD,21234
MD,20707
MD,21146
MD,20653
MD,21060
MD,21629
MD,20646
MD,20708
MD,21401
MD,21795
MD,21702
MD,20877
MD,21225
MD,20817
MD,21054
MD,21043
MD,20622
MD,20860
MD,21206
MD,21221
MD,21714
MD,20901
MD,21793
MD,20912
MD,21218
MD,21061
MD,20866
MD,21014
MD,20737
MD,21207
MD,21136
MA,1581
MA,2703
MA,2481
MA,2186
MA,2492
MA,2180
MD,21223
MA,1915
MA,1040
MA,2332
MA,2462
MD,21012
MD,21727
MA,1730
MD,21539
MD,21209
MA,1453
MI,49441
MA,1862
MA,1520
MI,49660
MA,1701
MA,1606
MA,2132
MA,2301
MA,1106
MA,1602
MI,49420
MD,21536
MD,21214
MD,21239
MD,21562
MD,21217
MD,20602
MD,21532
MD,20879
MD,21057
MA,1961
MA,2072
MA,1534
MA,2067
MA,2043
MA,2148
MD,21015
MD,21042
MA,1913
MD,21801
MA,2740
MA,2745
MA,1230
MA,2120
MA,1013
MA,1757
MA,1970
MA,1060
MA,2154
MA,2748
MD,21075
MA,2719
MD,21710
MA,2150
MD,21787
MA,2052
MA,1089
MA,2356
MA,1507
MA,2169
MA,1036
MA,1810
MA,2421
MA,2155
MA,1301
MA,1721
MA,1950
MA,2664
MA,2468
MA,2720
MA,1583
MA,1028
MA,1930
MA,2149
MA,1844
MA,1523
MA,2465
MA,2777
MA,1605
MA,1609
MA,2467
MA,2632
MA,1267
MA,2061
MA,2364
MA,1890
MA,1585
MA,1460
MA,1742
MA,1760
MA,2650
MA,1850
MA,1053
MA,1702
MA,2302
MA,2174
MA,2563
MA,2368
MA,2333
MA,1841
MA,1887
MA,1550
MA,2066
MA,2151
MA,1331
MA,1604
MA,1570
MA,1830
MA,1832
MA,1247
MA,2026
MA,1588
MA,2370
MA,1104
MA,1854
MA,1095
MA,2360
MA,1778
MA,1085
MA,2540
MA,1876
MA,1610
MA,2025
MA,2130
MA,1886
MA,1201
MA,2453
MA,2090
MA,1002
MA,2122
MA,1966
MA,1376
MA,2478
MA,2347
MA,1432
MA,1436
MA,2038
MA,1532
MA,1226
MA,2021
MA,1864
MA,1945
MA,2645
MA,1908
MA,2738
MA,2146
MA,2673
MA,1845
MA,1776
MA,2571
MA,2093
MA,2124
MA,2723
MA,1867
MA,1118
MA,1801
MA,2631
MA,2127
MA,1824
MA,2143
MA,1603
MA,2053
MA,2760
MA,2725
MA,2136
MA,1852
MA,2126
MA,2601
MA,2109
MA,1564
MA,2351
MA,2128
MA,1545
MA,1540
MA,2472
MA,2194
MI,49031
MA,1542
MI,48152
MN,55350
MN,55438
MN,56359
MI,49002
MA,1880
MA,1375
MI,49426
MN,55117
MI,49686
MN,55987
MI,49506
MI,48220
MN,55427
MI,48180
MI,49855
MA,2131
MI,48089
MN,55428
MN,56431
MA,1746
MA,1969
MA,1035
MA,1109
MN,55426
MN,55718
MI,49283
MN,55108
MN,56085
MI,49417
MN,55330
MN,55734
MN,55409
MA,1527
MN,55337
MI,48185
MN,55731
MN,55025
MI,48097
MA,2164
MA,1905
MA,2324
MN,55404
MI,49849
MI,49091
MI,49431
MA,2764
MA,1983
MA,1504
MN,55041
MI,49504
MN,55405
MA,2721
MI,48234
MN,55419
MN,55008
MI,49735
MA,1238
MI,48060
MI,48359
MI,48880
MI,49444
MA,2171
MA,2466
MI,48532
MI,48706
MI,48504
MI,49093
MI,48170
MN,55901
MI,48843
MN,55082
MA,1569
MN,55021
MI,48603
MI,49036
MN,55113
MA,2556
MA,2649
MI,48054
MI,48755
MN,55118
MI,49009
MA,2379
MA,1075
MI,48858
MN,55454
MN,55066
MN,55116
MI,49348
MN,55904
MI,49464
MI,49120
MI,49201
MN,55416
MN,55033
MI,48080
MN,55112
MN,55384
MI,48430
MN,55391
MI,49017
MN,55421
MI,48624
MN,56501
MI,49307
MN,55432
MN,56258
MI,49546
MN,56601
MN,55720
MA,2726
MI,48809
MS,39301
MI,49503
MI,48309
MS,38863
MI,48439
MI,49412
MI,49127
MI,48235
MS,38732
MI,48195
MI,48236
MS,38614
MI,49418
MI,48642
MI,49010
MI,49930
MI,48453
MI,48446
MI,49953
MS,39702
MI,48178
MS,38652
MI,48240
MI,49221
MI,49505
MI,48105
MI,48162
MS,39117
MI,48183
MS,39159
MI,48328
MI,48846
MS,38655
MA,1255
MS,39111
MI,49090
MI,48214
MI,49601
MS,39202
MI,49615
MI,49015
MS,39213
MI,49014
MS,39648
MI,48380
MI,49677
MS,39180
MI,49508
MI,49740
MS,39402
MI,49829
MI,48043
MI,48609
MI,49854
MS,38635
MI,48813
MI,49006
MI,48817
MI,48821
MI,48801
MI,49331
MS,39451
MI,48617
MA,1069
MI,49442
MI,48506
MI,48723
MI,49874
MI,49727
MS,39429
MS,38663
MS,39440
MS,39038
MI,49461
MI,49738
MI,48433
MS,38834
MI,48838
MI,49202
MI,49001
MI,48471
MI,48204
MI,48734
MI,49801
MI,48602
MI,48763
MS,39365
MI,48071
MS,39212
MI,48732
MS,39601
MI,48118
MI,49968
MS,38829
MI,49058
MS,39042
MS,39577
MS,39305
MS,38666
MI,48161
MI,49682
MI,48413
MS,39645
MS,39328
MS,39564
MI,49781
MI,48176
MS,39705
MI,48601
MS,39120
MS,39667
MI,49032
MI,48850
MI,48017
MI,48658
MI,49946
MI,48864
MS,39157
MI,49068
MI,48312
MI,49920
MI,48208
MI,48187
MI,48120
MI,48322
MI,48219
MI,48150
MI,48917
MI,48346
MI,48198
MI,48213
MI,49053
MI,49406
MI,48127
MI,48093
MI,48659
MI,48867
MI,49401
MI,48227
MI,48059
MI,49304
MI,48336
MI,48386
MI,48622
MI,48038
MI,49080
MI,49106
MI,48225
MI,48313
MI,48441
MI,48062
MI,48317
MI,49509
MI,48640
MI,48324
MI,48661
MI,48073
MI,49319
MI,48228
MI,48092
MI,48362
MI,48427
MI,49048
MI,48621
MI,48726
MI,48315
MI,48035
MI,49770
MI,49071
MI,48101
MI,48307
MI,49646
MI,48203
MI,48081
MI,48224
MI,48708
MI,48026
MI,48066
MI,49746
MI,48335
MI,49862
MI,48211
MI,48015
MI,49085
MI,48202
MI,49657
MI,49286
MI,48075
MI,49022
MI,49858
MI,49445
MI,49203
MI,49242
MI,48742
MI,48375
MI,49007
MI,48420
MI,48323
MI,48806
MI,48329
MI,49720
MI,49938
MI,49866
MI,48036
MI,48125
MI,48911
MI,49779
MI,48184
MI,48108
MI,48866
MI,49721
MI,48304
MI,48871
MI,48451
MI,49512
MI,48205
MI,48047
MN,55767
MI,48167
MN,56474
MI,48374
MN,56304
MN,55389
MI,48616
MN,55429
MN,55344
MI,48188
MN,55917
MN,55302
MN,55912
MN,56232
MN,55077
MN,56401
MN,55744
MN,55807
MN,55107
MN,56142
MN,55009
MN,56537
MI,48377
MN,56136
MN,55616
MN,55069
MI,49935
MN,56215
MI,48116
MI,49802
MN,56510
MN,55437
MN,56378
MI,48103
MN,56377
MN,55961
MN,56007
MI,48381
MN,55013
MN,55422
MN,55964
MN,56556
MN,56273
MN,56535
MI,49428
MI,48182
MN,55448
MN,56088
MI,48342
MI,48811
MI,48197
MN,56649
MN,55423
MN,55371
MN,55981
MI,48382
MN,56621
MN,56178
MI,48879
MN,55109
MN,56307
MN,55106
MN,56751
MN,55811
MN,55103
MN,56763
MI,48910
MN,55705
MN,55963
MN,56072
MI,48740
MI,48005
MN,56073
MN,56573
MN,55420
MN,55332
MN,55359
MI,49026
MI,48744
MN,56360
MN,55334
MN,56214
MN,55921
MI,48126
MN,56065
MN,55355
MN,56264
MN,56082
MI,48025
MN,55927
MN,55328
MI,48855
MN,55976
MN,55947
MI,49047
MN,56732
MN,56484
MN,56329
MI,49868
MN,55331
MN,56716
MN,55396
MN,56267
MN,56362
MN,55407
MN,55057
MN,55387
MN,55802
MN,56347
MN,56728
MN,56283
MN,55349
MN,55333
MN,56379
MN,55719
MN,55792
MN,56364
MN,55972
MN,56087
MN,55024
MN,55336
MN,55425
MN,56277
MN,56520
MN,56031
MN,56544
MN,56557
MN,55051
MN,56514
MN,56265
MN,55125
MN,55746
MN,56441
MN,55124
MN,56345
MN,56131
MN,56128
MN,56048
MN,56540
MS,39069
MN,56762
MN,56220
MN,56187
MN,56152
MN,56138
MN,56278
MN,56320
MN,56636
MN,55971
MN,56129
MN,56223
MN,55974
MN,56293
MN,55723
MS,38843
MN,56057
MN,55104
MN,56353
MN,56058
MN,55940
MS,38901
MN,55056
MN,56548
MN,55923
MN,56115
MN,56464
MS,39401
MN,56222
MN,56172
MN,56256
MN,56219
MN,56551
MN,56175
MN,56334
MS,38824
MS,39525
MS,39194
MN,55072
MN,55321
MN,56352
MS,39345
MN,55379
MN,55431
MN,55430
MN,56201
MN,55943
MN,56308
MN,56387
MN,56097
MS,39465
MN,55395
MN,56312
MN,55441
MN,55413
MN,56156
MN,55433
MN,56584
MN,56479
MN,55946
MN,56381
MN,55975
MN,56470
MN,56653
MS,39114
MN,56585
MN,55388
MN,56013
MN,56572
MN,56150
MN,55604
MN,56101
MN,56284
MN,55936
MN,56515
MN,56093
MN,55992
MN,55063
MN,56159
MS,39476
MO,63876
MN,56266
MN,56062
MN,55408
MS,39051
MN,55443
NJ,8225
MS,38606
MO,63703
NJ,7042
MO,64067
MN,56311
MO,63801
MN,55318
MN,55105
MO,65674
MS,39206
MO,63084
NJ,7834
MO,65240
MS,39474
MS,39339
MS,38804
MS,39773
MN,55418
MO,63112
MO,63090
MS,39744
NJ,7631
MN,55314
MN,55307
MO,65438
NJ,8757
NJ,7514
MS,39531
NJ,8831
MS,39730
MS,38821
MO,63841
MO,64150
MS,39204
MO,65051
MN,55092
MN,56726
NJ,7470
MN,55369
MO,63435
NJ,7649
MN,56164
NJ,7087
MO,63028
MS,39095
MO,65583
NJ,8648
MO,64468
MN,55101
NJ,7403
MO,65616
MN,56296
MO,63863
MS,38603
NJ,7801
MN,56701
MO,64701
NJ,7050
MN,56623
MO,63965
MS,39466
MO,63701
MS,38771
MS,38671
MS,39501
MN,56554
MN,55939
MN,56440
NJ,7111
NJ,8852
MN,55325
MN,56183
NJ,7675
MS,39216
NJ,7630
MS,39631
MN,56361
MN,56628
MO,63034
NJ,7032
NJ,8724
MO,64118
MO,63640
NJ,8205
MO,64024
MS,39350
MS,38852
MO,64081
NJ,7724
MN,55362
MN,55614
NJ,8204
NJ,8759
MN,56542
NJ,7069
MN,55954
MN,56011
NJ,8820
MN,56240
NJ,7066
NJ,7756
MN,56634
NJ,7009
NJ,8016
MN,56630
MN,55127
NJ,7652
MN,56326
MO,65233
MO,63108
MN,56482
MN,55417
NJ,8873
MN,56671
MN,55909
MO,64030
NJ,7719
MN,56081
NJ,7104
NJ,8050
MO,64831
MO,65775
MS,39571
MO,64138
MO,63436
MS,39063
MO,63068
MO,63031
MS,39759
MO,63017
MO,64424
MS,39553
MS,38704
MO,63401
MO,63834
MO,63303
MS,39452
MO,64130
MO,65802
MO,63957
MO,64772
MO,63901
MO,63379
MO,65065
MO,63037
MS,39428
MO,63334
MO,63825
MS,39150
MS,38916
MS,39653
MO,63125
MO,63848
MS,39422
MO,63601
MS,39342
MO,63755
MS,38851
MS,38740
MS,39059
MS,39232
MO,64131
MO,65059
MS,38751
MO,65672
MS,38967
MS,38965
MS,39520
MO,64803
MS,39355
MO,64089
MO,65708
MO,64658
MO,63127
MS,39193
MS,38646
MS,39110
MS,39176
MS,39073
MS,39581
MS,39470
MO,64096
MO,63105
MS,38611
MO,65020
MS,39272
MS,39455
MO,64068
MS,38774
MO,65689
MS,39153
MS,39090
MO,64744
MS,38801
MO,63119
MS,39307
MO,65536
MS,39735
MS,38676
MS,39367
MS,39563
MS,39503
MO,63139
MS,39046
MS,39437
MS,39540
MO,65301
MO,63136
MS,38668
MS,39208
MO,63088
MO,63857
MS,39341
MO,65459
MO,63025
MO,65712
MS,39083
MO,63552
MO,65781
MO,65270
MO,65584
MO,65548
MS,38921
MO,63016
MS,38860
MS,38915
MO,64763
MO,65807
MO,65202
MO,63877
MO,64429
NY,11217
MO,64155
MO,63069
NY,11561
MO,63366
MO,63048
MO,63128
NY,11219
MO,64850
NY,13903
NY,14048
NY,13413
MO,65686
MO,65401
NY,11418
MO,63044
MO,63141
MO,64836
NY,10468
MO,63501
MO,64114
NY,10467
NY,13350
MO,64633
NY,14224
MO,65605
MO,64506
MO,63116
MO,63869
NY,10025
MO,65622
NY,10314
MO,65791
MO,65109
NY,13069
MO,63010
MO,63033
NY,11776
NY,11754
MO,65668
NY,12932
MO,64804
MO,65559
MO,63390
NY,14569
NY,12883
NY,13501
NY,11968
NY,14068
MO,63461
NY,14527
NY,14127
NY,10469
MO,65582
NY,14108
NY,10520
NY,12203
MO,63385
MO,64759
MO,63351
NY,11224
MO,63556
NY,14901
NY,10461
MO,63043
MO,63080
MO,63021
NY,10456
NY,14607
MO,65714
MO,64133
NY,10472
NY,12550
NY,14618
NY,14610
NY,11021
MO,65633
MO,65655
MO,64735
MO,65608
NY,12304
NY,13424
MO,64870
MO,65804
NY,11777
NY,14450
MO,65793
NY,10562
MO,64111
MO,64730
NY,14094
NY,13126
NE,68822
NE,68106
NE,68137
MO,63452
NE,68756
NE,68939
MO,63664
MO,65625
MO,63077
NE,68661
MO,65201
MO,64052
MO,63135
MO,63740
NE,69101
MO,65248
NE,68114
MO,65560
MO,63384
MO,65281
NE,68104
NE,68405
MO,65018
NE,68446
MO,63960
NE,68310
NE,68767
MO,65254
MO,65613
NE,68602
MO,65721
MO,64491
NE,68801
NE,68803
MO,64844
NE,68025
NE,68022
NE,69130
MO,64076
MO,63645
NE,69361
MO,64083
MO,65711
NE,68848
NE,68701
NE,68048
NE,68776
MO,63113
NE,68152
MO,65340
NE,68305
NE,68355
NE,68763
MO,63670
MO,63134
NE,68779
MO,63026
NE,68064
MO,65110
NE,68061
NE,68108
NE,68739
MO,64489
MO,63445
NE,68467
MO,63638
MO,65084
NE,69001
MO,65803
NE,68786
NE,68005
MO,63146
NE,68629
MO,63935
NE,68410
MO,65785
NE,68638
NE,69153
MO,65706
NE,68787
NE,68702
MO,64123
NE,69162
MO,64628
MO,65265
MO,65483
MO,65809
MO,65704
MO,64865
MO,63468
MO,64644
MO,65203
MO,64079
MO,64640
MO,65075
MO,64137
MO,64683
MO,64473
MO,64862
MO,64093
MO,64720
MO,63830
MO,65667
MO,65757
MO,65355
MO,64132
MO,63845
MO,63111
MO,64463
MO,64801
MO,63902
MO,63138
MO,63020
MO,63103
MO,64080
MO,63147
MO,64624
MO,64012
MO,65565
MO,63377
MO,65236
MO,64477
MO,65338
MO,65556
MO,63122
MO,65566
MO,64482
MO,65026
MO,63823
MO,65066
MO,64154
MO,63447
MO,65251
MO,63114
MO,65351
MO,64085
MO,63628
MO,63363
MO,63382
MO,64014
MO,65653
MO,65082
MO,65542
MO,63123
MO,63121
MO,63456
MO,63730
MO,64075
MO,64145
MO,64456
MO,64064
MO,65010
MO,63437
MO,63304
MO,63353
MO,65746
MO,63867
MO,65453
MO,65041
MO,65275
MO,65360
MO,63110
MO,63130
MO,64469
MO,63129
MO,65682
MO,63873
MO,65661
MO,64037
MO,64505
MO,65078
MO,64470
MO,64057
MO,63376
MO,64020
MO,63933
MO,63137
MO,63764
MO,65325
MO,63118
MO,64062
MO,65604
MO,65705
MO,65085
MO,65081
MO,64040
MO,63775
MT,59230
MO,64501
MO,64139
MO,64454
MT,59442
MO,65738
MT,59845
MT,59802
MT,59803
MT,59457
MO,63131
MT,59254
MO,63106
MT,59601
MT,59327
MT,59804
MT,59301
MT,59917
MT,59864
MT,59102
MT,59317
MO,65101
MT,59019
MT,59715
MT,59405
MO,65810
MT,59701
MO,64127
MT,59353
MO,64673
MO,63368
MT,59330
MT,59047
MT,59263
MO,64724
MT,59422
MT,59901
MO,65276
MO,64507
MT,59860
MO,63565
MO,64119
MT,59337
MO,63549
MO,63851
MT,59711
MT,59201
MT,59923
MT,59068
MO,63107
NE,68949
MT,59523
MT,59022
MT,59722
MT,59840
NE,68301
NE,68666
MT,59749
NE,68506
NE,68516
MT,59101
MT,59105
MT,59034
MT,59729
MT,59538
MT,59501
NE,68510
NE,69301
NE,68144
MT,59859
MT,59520
MT,59870
MT,59912
MT,59425
MT,59270
MT,59644
MT,59417
NE,68105
MT,59937
NE,68154
MT,59427
NE,68502
MT,59725
MT,59044
NE,68124
NE,68847
NM,88260
NE,68733
NE,68526
NJ,8034
NJ,8527
NE,68979
NE,68504
NJ,8865
NJ,7662
NJ,7302
NE,68718
NE,68333
NE,68037
NE,68031
NJ,7307
NE,68922
NJ,7730
NJ,7088
NE,68920
NE,69339
NE,68927
NJ,7701
NJ,7740
NE,68134
NE,68117
NE,68956
NE,68788
NE,68944
NE,68883
NE,68770
NE,69045
NM,87114
NM,88310
NJ,7601
NE,68862
NM,87020
NE,68873
NJ,8755
NE,68826
NE,68715
NE,68784
NJ,7039
NJ,8004
NJ,8043
NJ,8210
NE,69044
NE,68361
NE,68926
NJ,7648
NJ,8861
NE,69033
NE,68008
NE,68978
NE,68466
NE,68047
NE,68869
NJ,7950
NE,69334
NJ,7753
NE,68722
NE,69145
NE,68601
NE,68354
NJ,7095
NE,68791
NE,68133
NE,68340
NE,69357
NE,68937
NJ,7646
NE,68376
NE,68456
NE,68057
NE,68370
NE,68465
NE,68729
NE,69021
NE,68651
NE,68823
NE,68046
NJ,8857
NE,69337
NM,87102
NJ,8401
NE,68758
NE,68850
NE,68045
NE,68748
NM,87413
NJ,8611
NE,68130
NE,69138
NE,68649
NM,87701
NE,68771
NJ,7047
NM,87901
NE,69347
NE,68780
NE,68112
NM,87544
NE,68716
NE,68620
NE,68434
NE,68450
NE,68842
NJ,7726
NJ,8833
NE,68853
NE,68783
NE,69201
NE,68066
NE,69348
NE,68633
NE,68352
NE,68818
NE,68420
NE,68745
NE,69336
NJ,7626
NE,68713
NM,87532
NE,68959
NE,68825
NE,68660
NJ,7863
NE,68970
NH,3301
NV,89119
NV,89106
NE,68714
NH,3755
NV,89146
NH,3833
NH,3458
NH,3801
NH,3452
NH,3104
NH,3045
NV,89030
NV,89169
NH,3062
NH,3820
NE,69154
NV,89445
NV,89135
NV,89148
NV,89509
NH,3038
NV,89005
NV,89014
NH,3303
NH,3246
NE,69343
NE,69152
NV,89060
NH,3467
NV,89102
NH,3431
NH,3766
NH,3110
NH,3055
NV,89801
NH,3257
NE,68371
NV,89144
NV,89109
NH,3047
NV,89118
NH,3079
NV,89447
NH,3570
NH,3842
NE,69140
NV,89113
NV,89434
NV,89703
NV,89156
NH,3109
NH,3867
NV,89015
NV,89129
NV,89701
NH,3102
NV,89128
NE,68640
NV,89820
NH,3253
NV,89512
NH,3774
NV,89027
NV,89406
NV,89108
NV,89301
NH,3087
NV,89419
NH,3580
NH,3060
NH,3235
NH,3470
NE,68039
NV,89436
NH,3743
NE,69129
NV,89149
NV,89008
NV,89431
NE,69022
NV,89134
NH,3584
NV,89130
NV,89511
NJ,7747
NJ,8302
NJ,7940
NH,3051
NJ,8054
NH,3244
NJ,7202
NJ,8077
NJ,7840
NH,3773
NJ,7052
NJ,8232
NJ,7035
NJ,8057
NJ,8520
NJ,7821
NH,3894
NJ,8002
NJ,7076
NJ,8003
NH,3598
NJ,7305
NJ,7974
NH,3597
NH,3234
NH,3864
NJ,8837
NH,3044
NJ,8318
NJ,8084
NH,3860
NJ,7922
NJ,8536
NJ,8079
NJ,7011
NJ,7666
NH,3870
NJ,8052
NJ,7522
NJ,7083
NJ,7960
NJ,8201
NJ,8230
NJ,7860
NJ,8055
NJ,8742
NJ,8109
NJ,7928
NJ,7420
NJ,7017
NJ,7436
NJ,7065
NJ,8360
NJ,8069
NJ,8037
NJ,8879
NJ,8094
NJ,8005
NJ,8096
NJ,8807
NJ,7090
NJ,7054
NJ,7060
NJ,8619
NJ,8048
NJ,8540
NJ,8087
NJ,7006
NJ,8066
NJ,7080
NJ,8332
NJ,7093
NJ,7733
NJ,7036
NJ,7677
NJ,8812
NJ,8823
NJ,8869
NJ,8012
NJ,8822
NJ,7670
NJ,7450
NJ,7728
NJ,7092
NJ,8068
NJ,8690
NJ,7945
NJ,8080
NJ,8721
NJ,8628
NJ,8618
NJ,7844
NJ,7103
NJ,8221
NJ,7702
NY,13116
NY,14510
NY,14580
NY,11203
NY,11706
NY,10462
NY,12901
NY,13904
NY,11797
NJ,8102
NY,12009
NY,12414
NY,11577
NJ,7018
NY,11204
NY,14067
NY,13440
NY,14420
NY,11691
NY,11216
NY,10940
NY,12804
NY,12033
NY,11214
NY,14779
NY,10037
NY,12184
NJ,8753
NY,13617
NY,14620
NY,10301
NY,14424
NY,14624
NY,10471
NY,11226
NY,11795
NJ,8053
NM,87124
NJ,7981
NJ,8720
NM,87505
NJ,7512
NJ,7401
NJ,8009
NJ,8071
NJ,8723
NJ,7738
NJ,8020
NJ,8240
NJ,7656
NJ,7832
NJ,8558
NJ,7094
NJ,7206
NJ,8512
NJ,8816
NJ,7030
NJ,7444
NJ,7005
NJ,7002
NJ,7932
NJ,8638
NJ,7647
NJ,8818
NJ,7830
NJ,7306
NM,87120
NJ,7003
NJ,8234
NJ,7607
NJ,8844
NM,87112
NJ,8108
NJ,8901
NJ,8226
NJ,7734
NJ,7481
NJ,8867
NY,11563
NY,13815
NM,87007
NM,87113
NY,10021
NY,13215
NM,88220
NY,11520
NY,12866
NM,88240
NY,13827
NM,88101
NY,13790
NY,14701
NY,12590
NY,10035
NY,10463
NY,14850
NY,12776
NY,11238
NY,11780
NY,11803
NY,10703
NY,12208
NM,87571
NY,14810
NY,11730
NY,11542
NM,87401
NY,12580
NY,10589
NM,87747
NY,13850
NM,87107
NY,13219
NY,12303
NY,13021
NY,11233
NY,11694
NM,87110
NY,11735
NY,10954
NM,87301
NY,11746
NY,14221
NY,13408
NY,13902
NY,13669
NY,12167
NY,11553
NY,10566
NM,87740
NY,12078
NY,11572
NY,11704
NY,13045
NY,10977
NY,11570
NY,11758
NM,88011
NY,14489
NY,13214
NM,88045
NY,11901
NY,13820
NY,14612
NY,13905
NY,13830
NY,14559
NY,10989
NY,12828
NY,12180
NM,87410
NY,14411
NY,14845
NY,11050
NY,14621
NY,12801
NY,12528
NY,12061
NY,10475
NM,88340
NY,11934
NY,11235
NY,10606
NY,11230
NY,12572
NM,88203
NM,88415
NM,88061
NY,11692
NY,11701
NM,87002
NY,11239
NY,11354
NY,12986
NY,11550
NM,87105
NY,11743
NY,10573
NY,12946
NY,10510
NY,14052
NY,12302
NY,14020
NY,14150
NY,14902
NY,14487
NY,11710
NY,14513
NY,12953
NY,14218
NY,10044
NY,10901
NY,14456
NY,14031
NY,13323
NY,10543
NY,12531
NY,10805
NY,10040
NY,11787
NY,14086
NY,11944
NY,13057
NY,14103
NY,10014
NY,10567
NY,14414
NY,13205
NM,88031
NY,14895
NM,88210
NY,12549
NY,11229
NY,14208
NY,12095
NM,88201
NY,14226
NM,88130
NY,13165
NY,10547
NY,10306
NY,11218
NY,12538
NY,12541
NY,10304
NY,10802
NY,13357
NY,11953
NY,14623
NY,14740
NY,14843
NY,12455
NY,14432
NY,13203
NY,14072
NY,11212
NY,14727
NY,14892
NY,10466
NY,10522
NY,14870
NY,12182
NY,14760
NY,10801
NY,10024
NY,14551
NY,12832
NY,14865
NY,14302
NY,14626
NY,10952
NY,10583
NY,14830
NC,28304
NY,11208
NC,28573
NY,11772
NY,14141
NY,12090
NY,14706
NY,14217
NY,10591
NC,28092
NY,12565
NY,14101
NY,14227
NC,27874
NY,13365
NC,28170
NY,14214
NY,14209
NC,28715
NY,14215
NY,13480
NY,12211
NC,27529
NY,13309
NC,28806
NC,28741
NY,12401
NY,13502
NY,12754
NY,10927
NY,11249
NY,13662
NC,28256
NY,12853
NC,28904
NY,12601
NY,13601
NC,27401
NY,14057
NC,27704
NY,13619
NY,14120
NC,28327
NY,11782
NC,28147
NC,27278
NY,14611
NC,27828
NC,27545
NY,13037
NY,13326
NY,14070
NY,14201
NY,12809
NC,28379
NY,14744
NC,28805
NY,13421
NY,14482
NY,13367
NY,11213
NC,27357
NC,28659
NY,14220
NY,10457
NY,10452
NY,14075
NY,10029
NY,14301
NY,11228
NY,10027
NY,10706
NY,11030
NY,12065
NY,11236
NY,12054
NY,14534
NY,11719
NY,11207
NY,12047
NY,12084
NY,10990
NY,13452
NY,10916
NY,11767
NY,13088
NY,11580
NY,13078
NY,12508
NY,13428
NY,11725
NY,10459
NY,14304
NY,10580
NY,14742
NY,10578
NY,13073
NY,11977
NY,14081
NY,12771
NY,14787
NY,10956
NY,12144
NY,13027
NY,13504
NY,12075
NY,11598
NY,12309
NY,10473
NY,12524
NY,11790
NC,28655
NC,27262
NC,28677
NC,27892
NC,28145
NC,27597
NC,28601
NC,27514
NC,27260
NC,27104
NY,10509
NC,28405
NC,27534
NC,28712
NC,27288
NC,28801
NC,28150
NC,28619
NC,28697
NC,27705
NC,28401
NC,27589
NY,12159
NC,28204
NC,27025
NC,28212
NC,28093
NC,28207
NC,27605
NC,27909
NC,27455
NY,12204
NC,27332
NC,27889
NC,28713
NC,27028
NC,28602
NY,11554
NC,27030
NC,28630
NC,27265
NC,28787
NC,27209
NC,28205
NC,28211
NC,28025
NY,10032
NC,27203
NC,28540
NC,28001
NY,14092
NC,28739
NC,28360
NC,27344
NC,27546
NY,11221
NC,27959
NY,12449
NC,27106
NC,28078
NC,28563
NC,28621
NC,28645
NC,27610
NC,28301
NY,10993
NC,28425
NC,28751
NC,28328
NC,28358
NC,28681
NC,28387
NC,28786
NC,27292
NC,27105
NY,10595
NC,28792
NC,28472
NC,28337
NC,27360
NC,28111
NC,28761
NY,12603
NC,28604
NC,28262
NC,27823
NC,28105
NC,27886
NC,28139
NC,27215
NC,28711
NY,11769
NC,27313
NY,10548
NC,27803
NY,11763
NC,27407
NC,27573
NC,27052
NC,28782
NC,27239
NY,11747
NC,27103
NC,27577
NC,28804
NY,14203
NC,28557
NC,27406
NY,11720
NC,28754
NC,28906
NC,27608
NY,11742
NY,11010
NC,28365
NC,27320
NC,28546
NC,28144
NC,27012
NY,10549
OH,45692
NC,27016
OH,45385
NC,28759
NC,28334
OH,44133
OH,45140
NC,27962
NC,28112
NC,28803
NC,28086
NC,28675
NC,27565
NC,27536
OH,45661
NC,28502
NC,28043
NC,28054
NC,28146
NC,28640
NC,28753
NC,28115
OH,44281
NC,27055
NC,28052
OH,45662
OH,45331
NC,28164
NC,27410
NC,27379
NC,28714
NC,28349
NC,28450
NC,28734
NC,28027
NC,27804
NC,28021
NC,28577
NC,27944
OH,45506
NC,28159
NC,28607
OH,43055
OH,44212
NC,27520
NC,28376
OH,45769
NC,28752
NC,27890
NC,28056
NC,28374
NC,27845
NC,28398
NC,28466
OH,45150
NC,27917
NC,27217
OH,44030
NC,28529
NC,28103
OH,44509
NC,28459
OH,43832
NC,28791
NC,28083
NC,28352
OH,44857
NC,28777
OH,43213
NC,28479
OH,44145
OH,43162
NC,28658
NC,28411
OH,43512
OH,45208
NC,27932
NC,28779
OH,45236
NC,28306
OH,44321
NC,27295
OH,45750
ND,58212
NC,27604
ND,58401
NC,28226
ND,58702
OH,44842
NC,28625
ND,58270
OH,45459
ND,58652
ND,58201
OH,44017
OH,43214
NC,28081
OH,45415
OH,45885
OH,44601
NC,28719
ND,58072
OH,44903
NC,28372
ND,58366
OH,45638
ND,58237
NC,27526
OH,44236
NC,28704
NC,28771
NC,27885
ND,58554
OH,44024
OH,45420
NC,27983
ND,58318
NC,28018
ND,58267
OH,44410
NC,28785
NC,28731
NC,28461
NC,28079
OH,45233
NC,27607
NC,27502
OH,44138
OH,43516
ND,58503
ND,58054
NC,27504
NC,27713
OH,44134
OH,44512
ND,58104
ND,58324
NC,27549
OH,43209
NC,27263
NC,28303
NC,28214
NC,28403
OH,43614
OH,45215
NC,28716
NC,28560
ND,58474
ND,58103
ND,58458
ND,58761
ND,58730
NC,27021
NC,28570
NC,28532
OH,44122
OH,45429
ND,58027
OH,44130
OH,45044
NC,27284
OH,44507
NC,28722
NC,28613
OH,43230
NC,28273
OH,43725
OH,43223
OH,44112
OH,45121
NC,28412
NC,28443
ND,58344
OH,43222
NC,28315
NC,27615
ND,58854
NC,27006
OH,45245
NC,28270
ND,58413
NC,28778
NC,27302
NC,27869
ND,58646
NC,28075
OH,44890
NC,27856
NC,27312
NC,28342
ND,58540
NC,28501
ND,58561
ND,58506
OH,43062
NC,28580
OH,43074
OH,43571
OH,44109
OH,45216
NC,28730
ND,58301
ND,58078
NC,28513
NC,27938
ND,58563
NC,27870
ND,58601
ND,58790
ND,58801
OH,44313
ND,58032
NC,27511
OH,44011
OH,43311
NC,27518
NC,28773
NC,27910
OH,44256
OH,44135
ND,58006
ND,58495
NC,28612
OH,45211
ND,58251
ND,58220
NC,27253
NC,27712
OH,44483
NC,27370
OH,44452
OH,45440
NC,28134
NC,28210
NC,27895
NC,27533
NC,28227
NC,28504
OH,43402
OH,45872
OH,43229
OH,45335
OH,45432
OH,44286
ND,58257
OH,44124
OH,45014
ND,58436
OH,45840
OH,45242
NC,27235
OH,43606
ND,58041
NC,27603
NC,27282
ND,58249
NC,27330
ND,58240
OH,44833
OH,44266
ND,58573
NC,28732
NC,27301
OH,43302
OH,45365
ND,58282
ND,58501
ND,58075
ND,58102
NC,27612
ND,58852
OH,45634
NC,28215
ND,58523
ND,58631
OH,44718
ND,58425
NC,27616
NC,28277
OH,44203
OH,45409
ND,58623
OH,45828
ND,58254
OH,44092
ND,58784
ND,58045
OH,45416
NC,28031
OH,44875
NC,27517
NC,28110
ND,58368
NC,28173
OH,45167
OH,43567
ND,58341
OH,43357
NC,28314
OH,45050
OH,45631
OH,44113
OH,45426
ND,58701
OH,43907
NC,27316
OH,45036
OH,44883
ND,58356
OH,45176
OH,45822
OH,45246
NC,28422
OH,43078
OH,44067
OH,44004
OH,44278
OH,43410
OH,44446
OH,44691
OH,44128
OH,43952
OH,45243
OH,45373
OH,43545
OH,45230
OH,45209
OH,43140
OH,45013
OH,45356
OH,45220
OH,45690
OH,43113
OH,44646
OH,44057
OH,43551
OH,44504
OH,43085
OH,45056
OH,45248
OH,44319
OH,43566
OH,44129
OH,44805
OH,44310
OH,44221
OH,43212
OH,45887
OH,45177
OH,45801
OH,45213
OH,44119
OH,45322
OH,43812
OH,44048
OH,44663
OH,44870
OH,44140
OH,44484
OH,44035
OH,44240
OH,43215
OH,45123
OH,45219
OH,43081
OH,44106
OH,44117
OH,43756
OH,43783
OH,44070
OH,43026
OH,44077
OH,44836
OH,43232
OH,43612
OH,44142
OH,44094
OH,43560
OH,45895
OH,44136
OH,44202
OH,45206
OH,43160
OH,45324
OH,43123
OH,44107
OH,44303
PA,18936
OH,43351
PA,17020
OH,43219
OH,44907
PA,17701
OH,43452
PA,16148
PA,17543
PA,17512
OH,45103
PA,17602
PA,15401
OH,44614
PA,16001
PA,19610
OH,45504
PA,19444
OH,45418
PA,18969
OH,43420
OH,45107
OH,45503
PA,17584
PA,15206
PA,19067
OH,43701
OH,45318
OH,45694
OH,43231
OH,44622
PA,19490
OH,43615
OH,44053
PA,16749
OH,45430
PA,16127
PA,17325
OH,44662
PA,16735
PA,19031
PA,17004
OH,45229
PA,19118
PA,19041
PA,16323
PA,17013
PA,19335
OH,43207
OH,45817
OH,45344
OH,45205
OH,44074
OH,45640
OH,44003
OH,45212
OH,43015
PA,15147
OH,43953
PA,17522
OH,43543
PA,17042
OH,43112
PA,17545
PA,15905
OH,44137
OH,45387
OH,43011
OH,45715
OH,45231
PA,16823
OH,45011
PA,15701
OH,44720
PA,15220
PA,15317
OH,43449
OH,43793
OH,43056
OH,44460
OH,44110
OH,44039
OH,44438
OH,45614
OH,45305
OH,45723
OH,43431
OH,45449
OH,43724
OH,44273
OH,45865
OH,43017
OH,44702
OH,45601
OH,44230
OH,44672
OH,43228
OH,43147
OH,45241
OH,43040
OH,45680
OH,44615
OH,44147
OH,44820
OH,45005
OH,43450
OH,45320
OH,44851
OH,45693
OH,44060
OH,43950
OH,43906
OH,43235
OH,44270
OH,44333
OH,44657
OH,45042
OH,45424
OH,44047
OH,43110
OH,43935
OH,43764
OH,43517
OH,45342
OH,43430
OH,45403
OH,43912
OH,45780
OH,44089
OH,44028
OH,45648
OH,45238
OH,43331
OH,43084
OH,45133
OH,44654
OH,43526
OH,44618
OH,44830
PA,17057
OH,43326
OH,45405
PA,19096
PA,16508
PA,18966
PA,17055
PA,19146
OH,44103
PA,16059
PA,19363
PA,19605
PA,18222
PA,17201
PA,15834
OH,45371
OH,45345
OH,45814
OH,44012
PA,16365
PA,18704
OH,43620
PA,17754
PA,17241
PA,15857
PA,18431
PA,17112
PA,17801
PA,19095
PA,17067
OH,44418
PA,17102
PA,19401
PA,19477
PA,18235
OH,45152
PA,15613
PA,19382
OH,43205
OH,45380
PA,16407
PA,19611
OH,44241
PA,19446
PA,16701
PA,17233
OH,44444
OH,45040
OH,44223
PA,15642
PA,18360
PA,19040
PA,17058
PA,19136
PA,17740
OH,43317
PA,18901
OH,44102
PA,19119
OH,44505
OH,43845
OH,43506
PA,17268
PA,17601
OH,45227
OH,44827
OH,45501
OH,44046
OH,44021
OH,44904
OH,44511
OH,45390
OH,44090
OH,44010
OH,44116
OH,45064
OH,43901
OH,44709
OH,44818
OH,45652
OH,45204
OH,44065
OH,44041
OH,43220
OH,44714
OH,45805
OH,44062
OH,43537
OH,44001
OH,45169
OH,44052
OH,43920
OH,44432
OH,43623
OH,45068
OH,45069
OH,44906
OH,44667
OH,45629
OH,45832
OK,73701
OH,45883
OH,45877
OH,44695
OH,45066
OH,44471
OH,44612
OH,45806
OK,74135
OK,73105
OH,45255
OK,74955
OK,74012
OH,45240
OH,43528
OH,43976
OK,73401
OK,73098
OH,45651
OH,44139
OH,43605
OK,74401
OH,43617
OH,45833
OH,43080
OK,74604
OK,73114
OH,44846
OK,74136
OK,74464
OK,74902
OH,45879
OH,43203
OK,73573
OK,74403
OK,74728
OK,73115
OH,45377
OH,44125
OH,43762
OH,43611
OH,45417
OH,45239
OH,43338
OH,43334
OK,74953
OH,44076
OH,45237
OH,45856
OH,44087
OH,45030
OH,43527
OH,45106
OH,43947
OH,45612
OH,45251
OH,44143
OH,43713
OH,43607
OH,45102
OH,45157
OH,45701
OH,44022
OH,44120
OH,45882
OH,43023
OH,43502
OH,45875
OH,43804
OH,44264
OH,44514
OH,44613
OH,44683
OH,45327
OH,44687
OK,73023
OH,43440
OK,73127
OK,73013
OH,43068
OH,45247
OH,44126
OK,73533
OK,73644
OK,74129
OK,74006
OH,44023
OK,73008
OH,45431
OK,74701
OK,73142
OK,74029
OK,73119
OK,73109
OH,43076
OK,73111
OK,74033
OH,45414
OK,73110
OH,43542
OH,44811
OK,74432
OH,44141
OH,44442
OK,73750
OH,45244
OH,44413
OK,74465
OH,43054
OK,73601
OK,74745
OH,45039
OH,44131
OK,73036
OK,74954
OK,73132
OK,73139
OH,44050
OK,74426
OK,73072
OK,74743
OH,44214
OK,73505
OR,97058
OK,74362
OK,74128
OR,97230
OK,74365
OK,74851
OR,97630
OK,74864
OK,74058
OK,74015
OK,74338
OK,73086
OR,97219
OR,97218
OK,73160
OK,74884
OK,74467
OK,73632
OK,74361
PA,18974
OK,74804
OK,74048
OK,74502
OK,73759
OK,74055
OK,74820
OK,73030
OK,73116
OK,73096
OR,97459
OK,74066
OK,74344
OK,74037
OR,97202
OK,74868
OK,74855
OK,74538
OK,73651
OK,74901
OK,73069
OK,73117
OR,97321
OK,74070
OK,74447
OK,73080
OK,74079
OR,97330
OK,74434
OK,73075
OK,74063
OK,73077
OK,74547
OK,73446
OR,97914
OK,74501
OR,97526
OR,97214
OK,74960
OR,97045
OR,97362
OK,74017
OR,97031
OK,73460
OR,97080
OK,74010
OR,97071
OK,74523
OK,74859
OK,73018
OK,74959
OR,97239
OK,73448
OK,73068
OK,73162
OK,73834
OK,74044
OK,74429
OK,74337
OK,73044
OK,73566
OK,73702
PA,15601
OK,73112
OK,73763
OR,97027
OK,74525
OK,74578
OK,73942
OR,97116
OK,73040
OR,97355
PA,15650
OK,73706
OK,74020
OK,73045
PA,19020
OK,74105
OK,73717
OK,74873
OK,74801
OK,73852
OR,97132
OK,74343
OK,73055
OR,97424
OR,97051
OK,73048
OK,73099
PA,19046
PA,18505
OK,74137
OK,73015
OR,97351
OK,74733
OR,97520
OK,74962
OK,74114
OR,97216
OR,97221
OK,74074
OK,73728
OK,73028
PA,19333
PA,16511
OR,97403
OR,97701
OK,74653
OK,73521
PA,18252
PA,17109
PA,16686
PA,15459
OR,97420
OK,74023
OK,73130
PA,17846
OK,74437
OR,97124
OK,73859
OR,97471
OK,74036
OK,74002
OK,74106
OR,97236
OK,73507
PA,19144
OK,73703
PA,15824
OK,74436
PA,16801
OK,73463
OK,73051
OR,97415
OK,73034
OR,97302
OK,74301
OK,73122
OK,73010
OR,97467
OK,73858
OK,74848
OK,73550
OR,97862
OK,74056
OK,74601
OK,73005
OR,97365
OK,74132
OK,74110
OK,74462
OK,74021
OR,97211
PA,19464
OR,97128
OR,97038
OR,97233
OK,74561
OK,73737
OR,97756
OK,73662
OR,97222
PA,16137
OR,97601
OK,74339
OK,73542
OK,73568
OR,97448
OR,97301
OK,73120
OR,97470
OR,97401
OK,73089
OK,73121
OK,74834
OR,97850
OR,97215
OK,74637
PA,17961
OR,97439
PA,15145
OK,73024
OR,97008
OK,73932
OK,74937
OR,97801
OK,74880
OR,97741
OK,74346
OR,97007
PA,15501
OR,97103
OR,97426
OK,73439
OK,73742
OR,97338
PA,18801
PA,16101
PA,18976
OR,97225
PA,15139
PA,15232
OR,97068
OR,97232
OR,97147
PA,19010
PA,15217
OR,97035
PA,15234
PA,19131
PA,15009
PA,17011
PA,18840
OR,97702
PA,19083
OR,97303
PA,18955
PA,15201
PA,19116
PA,18509
OR,97869
PA,19115
PA,19090
OR,97838
OR,97378
PA,19111
PA,17110
OR,97062
PA,19462
OR,97266
PA,18711
PA,17402
PA,19380
OR,97381
PA,17866
PA,18036
PA,18444
PA,15237
PA,18103
PA,16046
PA,16504
PA,18510
OR,97070
PA,18042
PA,18104
PA,16063
OR,97213
OR,97034
OR,97458
PA,17870
PA,18912
PA,15963
PA,16509
PA,16056
PA,19533
PA,16142
PA,19008
OR,97056
PA,17111
OR,97317
PA,16125
PA,15120
PA,17350
OR,97123
PA,17403
PA,15025
OR,97918
OR,97013
OR,97060
PA,15001
OR,97385
PA,15014
PA,17331
OR,97386
OR,97086
PA,18087
PA,17745
PA,19607
PA,16648
PA,16915
PA,15068
PA,18702
PA,19152
PA,19087
PA,17068
PA,19460
PA,17404
PA,16506
PA,17061
PA,15228
PA,16602
PA,18301
PA,18954
PA,15801
PA,19468
PA,15522
PA,17059
PA,16262
PA,17603
PA,18018
PA,15090
PA,15537
PA,16502
PA,17555
PA,19126
PA,17078
PA,17931
PA,17901
PA,15668
PA,18017
PA,18634
PA,18603
PA,16830
PA,19023
PA,18847
PA,18407
PA,18657
PA,19076
PA,16255
PA,17509
PA,19073
PA,18951
PA,18848
PA,19344
PA,19123
PA,18701
PA,18447
PA,19436
PA,19526
PA,19047
PA,18201
PA,17764
PA,17837
PA,16652
PA,19128
PA,19056
PA,19001
PA,18218
PA,17972
PA,15010
PA,19038
PA,16038
PA,19007
PA,17361
PA,17313
PA,19148
RI,2891
PA,16371
PA,18707
PA,18517
RI,2915
RI,2919
RI,2886
PA,15024
PR,693
PA,18964
PA,16254
RI,2895
RI,2917
RI,2861
PA,17022
RI,2883
PA,19143
PA,16301
RI,2864
RI,2904
RI,2920
PA,16335
RI,2852
PA,15746
PA,15143
RI,2840
PA,16055
PA,18421
RI,2825
RI,2809
PA,15552
PA,15017
PA,17976
PA,16415
PA,18073
PA,19438
PA,15063
PA,15108
PA,17851
PA,15825
PA,17878
PA,15658
RI,2914
RI,2885
PA,16662
RI,2892
PA,15301
PA,18960
PA,18643
RI,2859
PA,19034
PA,19435
PA,15132
PA,16833
RI,2907
PA,17821
PA,15767
PA,19608
PA,18255
PA,15207
PR,660
PA,17981
PA,17847
RI,2860
RI,2889
PA,15044
PA,15146
PA,18612
PA,15214
PA,17756
PA,19013
PA,15370
PA,16066
PA,17261
PA,17578
PA,18337
PA,18202
RI,2818
PA,18512
PA,16866
RI,2905
RI,2908
PA,19355
RI,2842
PA,16412
RI,2909
PA,18045
RI,2893
PA,16947
PA,17845
PA,18452
PA,19103
PA,15904
PA,18640
PA,16201
PA,19606
PA,17604
WI,54022
WI,54755
WI,53209
WI,54703
PA,16023
WI,53807
PA,15212
WI,53533
PA,16146
PA,15227
WI,54915
PA,19530
WI,54421
PA,19064
PA,17243
WI,54701
PA,18064
PA,19063
WI,53805
WI,54409
WI,54868
WI,54460
WI,54021
PA,19086
WI,53225
WI,54615
PA,19104
PA,15102
PA,15122
WI,54220
WI,53221
PA,19027
WI,54963
WI,54001
WI,54216
PA,15241
PA,16037
WI,54235
WI,53547
PA,18411
WI,53226
PA,15074
PA,19422
WI,53969
WI,54403
WI,53934
WI,53813
WI,53965
WI,54929
WI,54121
WI,53565
WI,53590
WI,54410
PA,18626
WI,54481
PA,17003
WI,53705
WI,53588
WI,53530
PA,16214
WI,54806
WI,53061
WI,53956
WI,54174
WI,54880
WI,54729
PA,15666
WI,53581
WI,54401
PA,17222
RI,2816
SC,29501
PA,16505
PA,18501
PA,18472
PA,19406
RI,2828
SC,29102
PA,17257
PA,19006
PA,19050
PA,16346
SC,29512
PA,15931
PA,17815
PA,16354
RI,2838
PA,18102
SC,29115
PA,19061
PA,16105
PA,18105
PA,18062
PA,15530
PA,18616
PA,17859
RI,2906
PA,19342
PA,16601
RI,2903
RI,2863
RI,2827
PA,19114
SC,29556
SC,29505
PA,19139
PA,17777
RI,2896
PA,15928
PA,15221
TN,38320
TN,37743
PA,16512
PA,19454
TN,38562
PA,17086
PA,15644
PA,19390
TN,37801
TN,38079
TN,38464
PA,18503
PA,15236
TN,37189
PA,17557
PA,15202
TN,37830
PA,19320
PA,17036
PA,18020
TN,37766
TN,37650
PA,17023
PA,17964
TN,37762
PA,18508
TN,37760
TN,37371
TN,37664
TN,37917
PA,16803
TN,37087
TN,38018
PA,15005
PA,19078
TN,38133
PA,19154
TN,37412
TN,37756
PA,15901
TN,37807
PA,15101
TN,37752
PA,18810
TN,37218
TN,37215
TN,37315
TN,37352
PA,15213
TN,37923
PR,717
TN,37769
PA,18055
PA,15946
PA,15683
SD,57469
SC,29464
SD,57747
SC,29204
SC,29020
SC,29609
SC,29624
SC,29303
SC,29835
SC,29169
SD,57226
SC,29349
SC,29621
SD,57382
SC,29526
TN,37804
SC,29477
SC,29841
SC,29611
SC,29488
SC,29407
SC,29745
SC,29918
SC,29440
SC,29148
SC,29532
SC,29307
SC,29928
SC,29340
SC,29655
SC,29543
SC,29223
SC,29130
SC,29325
SC,29690
SD,57472
SD,57567
SC,29138
SC,29646
SC,29708
TN,37110
SC,29650
SC,29485
TN,37091
SD,57078
SC,29721
SC,29640
SC,29483
SC,29620
TN,37130
SC,29671
SC,29651
SC,29801
SD,57070
SD,57260
SC,29732
SC,29177
SC,29607
SC,29302
SC,29812
SD,57104
SD,57252
SC,29108
SC,29615
TN,37916
TN,38358
SC,29579
TN,37879
TN,37403
SC,29203
SC,29577
SC,29617
SD,57366
SC,29909
SD,57279
SC,29572
SC,29678
SC,29720
SC,29901
SD,57045
TN,37404
SD,57005
SC,29673
SC,29150
SC,29010
SC,29682
SC,29560
SC,29388
SC,29681
SC,29661
TN,37115
SC,29061
SC,29414
TN,37421
SC,29406
SC,29536
SC,29576
SC,29527
SD,57350
SC,29135
TN,38501
TN,37909
SC,29585
SC,29461
SC,29672
SC,29479
SC,29360
TN,38478
SC,29520
SC,29418
SC,29926
SC,29936
SC,29827
TN,37172
SC,29644
SC,29003
SC,29210
SD,57442
SD,57069
SD,57319
SC,29154
SD,57325
SC,29506
SC,29642
SC,29625
SD,57029
SD,57022
SD,57579
SC,29601
TN,38401
SD,57543
SC,29802
SC,29803
SC,29706
SC,29588
SC,29824
SC,29229
SC,29591
SC,29569
SC,29455
SD,57030
SD,57385
SC,29379
SD,57362
SC,29405
SC,29571
SC,29574
SC,29817
SC,29551
SD,57383
SC,29305
SD,57551
SC,29072
SC,29073
TN,37055
SD,57369
TN,37303
TN,37601
SC,29853
TN,37398
SD,57701
SD,57501
TN,37321
SD,57037
SD,57025
SD,57702
SD,57225
SD,57785
SD,57580
SD,57013
TN,37388
TN,38372
TN,37803
TN,37033
SD,57105
SD,57349
SD,57783
TN,37642
TN,38134
TN,38116
SD,57401
SD,57445
TN,37774
SD,57356
SD,57428
TX,78624
TN,37074
TN,37841
SD,57006
SD,57601
SD,57234
SD,57248
TN,37160
TN,38242
TN,37748
TN,37367
SD,57533
SD,57276
SD,57039
SD,57345
SD,57073
TN,37185
TX,77707
SD,57059
SD,57638
SD,57221
SD,57301
SD,57004
SD,57201
TN,38008
SD,57043
SD,57717
TN,38237
SD,57219
SD,57438
SD,57274
SD,57376
SD,57430
SD,57437
SD,57451
SD,57380
SD,57103
TX,76903
TX,76504
SD,57042
SD,57328
SD,57106
SD,57730
TN,37887
SD,57212
SD,57001
SD,57761
SD,57066
TX,78130
SD,57262
TN,37311
SD,57058
SD,57014
SD,57028
SD,57231
SD,57313
TN,37617
TN,37405
TN,37771
SD,57012
TN,38135
TN,38104
TN,37166
TN,37643
TN,37030
TN,37716
TN,37167
TN,37814
TN,38583
TN,37862
TN,38115
TN,37660
TN,37683
TN,38555
TN,37334
TN,37075
TN,38119
TN,38001
TN,37381
TN,37064
TN,37312
TN,37327
TN,37918
TN,37205
TN,38301
TN,37919
TN,37604
TN,37831
TN,37620
TN,37377
TN,37142
TN,37066
TN,38111
TN,38261
TN,37058
TN,37854
TN,37211
TN,38344
TN,38506
TN,38068
TN,37013
TN,37863
TN,38107
TN,38127
TN,37043
TN,38117
TN,38570
TN,38449
TN,38063
TN,38024
TN,37379
TN,37188
TN,37326
TN,38006
TN,37203
TN,38305
TN,37922
TN,38549
TN,38351
TN,38462
TN,37354
TN,38343
TN,37190
TN,38474
TN,38225
TN,38012
TN,38556
TN,37040
TN,37083
TN,38382
TN,37343
TN,37380
TN,38080
TN,37659
TN,37331
TN,38551
TN,37363
TN,38574
TN,37355
TN,38363
TN,37705
TN,37150
TN,37356
TN,38019
TN,38201
TN,37874
TN,37127
TN,37129
TN,37687
TN,37072
TN,38036
TN,37869
TN,37061
TN,37208
TN,37015
TN,37186
TN,38585
TN,37122
TN,38329
TN,37914
TN,38109
TN,37148
TN,38310
TN,37138
TN,38053
TN,38317
TN,38375
TN,38558
WA,98027
TX,78861
TX,76135
UT,84020
UT,84105
TX,79106
VA,23220
TX,75455
TN,38251
VA,22664
TX,75231
TX,78801
VA,24523
TN,37042
UT,84120
TX,77995
TX,78589
UT,84117
TN,38103
UT,84405
TX,79935
TX,78201
TX,77598
TN,38340
UT,84403
TX,75119
TN,37725
UT,84074
UT,84107
UT,84070
TN,38330
TX,75935
VA,23149
VA,22709
TX,78520
TX,78209
TX,76108
TN,38118
UT,84604
UT,84124
TX,79556
VA,22901
UT,84062
TX,75010
WA,98902
UT,84078
TX,76543
TX,79072
TN,38108
TX,76114
TX,78239
TX,76657
UT,84109
TN,37615
TX,78411
TX,79902
TX,76710
TX,76707
UT,84501
VA,24153
UT,84321
VA,22902
WI,53149
UT,84790
TX,77619
UT,84601
TX,78222
TX,76180
UT,84088
TX,75701
TX,78332
TN,37641
VA,23111
TX,75766
WA,99207
VA,23109
VA,24368
VA,20147
TN,37920
UT,84737
TN,38017
UT,84057
TX,77802
TN,37221
VA,23225
UT,84003
TX,77036
TX,78212
TN,37096
UT,84651
UT,84102
TX,76522
TN,38485
TN,37027
VA,24018
UT,84010
VA,23462
UT,84106
TX,76502
TN,37821
UT,84721
UT,84066
TN,38138
TN,37067
VA,24354
TN,37152
UT,84302
UT,84097
UT,84341
TX,76450
TX,78240
WA,98155
TX,78501
TX,78401
TX,78026
TN,37777
VA,23092
WA,98520
TX,78216
WA,98144
UT,84115
TN,37076
UT,84648
TX,76112
TX,75021
UT,84770
VA,23456
UT,84523
TN,37214
VA,23229
TX,77566
TX,75801
TX,76550
UT,84104
TX,78521
TX,79124
TX,76021
TX,79912
TX,78550
TX,76107
TX,78229
TX,76067
TX,75150
TX,75835
TX,78681
TX,76031
TX,76712
TX,78118
TX,77469
TX,78028
TX,77090
TX,77082
TX,75233
TX,75751
TX,75904
TX,76374
TX,76837
TX,76401
TX,75146
TX,78006
TX,77087
TX,75605
TX,78336
TX,76458
TX,76442
TX,77070
TX,75482
TX,75230
TX,76012
TX,77625
TX,78404
TX,78572
TX,75965
TX,75061
TX,76028
TX,76118
TX,79936
TX,77338
TX,76210
TX,78405
TX,76133
TX,76103
TX,75041
TX,76009
TX,76132
TX,76446
TX,79019
TX,76054
TX,75670
TX,76104
TX,75460
TX,78065
TX,78230
TX,77414
TX,78722
TX,75165
TX,79765
TX,78596
TX,78945
TX,77459
TX,77488
TX,76086
TX,75115
TX,77535
TX,78224
TX,78250
TX,76201
TX,75050
TX,78380
TX,77521
TX,77449
TX,75791
TX,77064
TX,78218
TX,78061
TX,78750
TX,75020
TX,77845
TX,78102
TX,77901
TX,78221
TX,78119
TX,75964
TX,75771
TX,76531
TX,76932
TX,77437
TX,79005
TX,79410
TX,77327
TX,75652
TX,75790
TX,75103
TX,78666
TX,79414
TX,78636
TX,78704
TX,79360
TX,77365
TX,77573
TX,75211
TX,79014
TX,76301
TX,79007
TX,79331
TX,78382
TX,77401
TX,79603
TX,75442
UT,84067
UT,84015
TX,76109
TX,78956
TX,75238
TX,78676
UT,84701
TX,79528
TX,77381
TX,75758
TX,79029
TX,75633
TX,75075
TX,79081
TX,77418
TX,76943
TX,75225
TX,76230
TX,78606
TX,79336
TX,78155
TX,75426
TX,75147
TX,78757
TX,78746
TX,75142
TX,76365
TX,76634
TX,76258
TX,76384
TX,77979
TX,76011
TX,76310
TX,76051
TX,76240
TX,77024
TX,76053
TX,76048
TX,78223
UT,84123
TX,76801
TX,75088
TX,79084
UT,84511
VT,5661
UT,84129
UT,84113
VT,5156
VT,5641
UT,84532
VA,20109
VA,24540
VT,5829
VA,23451
VT,5822
UT,84119
VT,5061
VT,5851
VT,5446
VA,23228
UT,84032
VT,5408
UT,84738
VA,24501
UT,84047
UT,84065
VT,5663
VA,23602
VA,23227
VA,23233
VA,23507
VA,23803
UT,84404
VA,22204
VT,5201
VA,24503
VA,24502
UT,84121
VT,5401
VA,23502
VT,5482
VT,5701
VA,24151
VA,22302
UT,84041
VT,5753
VA,24450
UT,84337
VA,22311
VT,5841
VA,23860
VA,24505
VA,24012
VA,23454
VT,5089
VT,5301
VT,5001
VA,23320
VA,22308
VT,5855
UT,84622
UT,84624
VA,22202
VA,24014
VA,22207
VT,5478
VA,22801
VT,5839
VT,5149
VA,22030
UT,84761
VT,5819
VA,23832
VA,23834
VT,5354
UT,84095
VA,24333
UT,84660
VA,23504
VA,23414
VA,22939
VA,20176
VA,23455
VA,22015
VA,24416
VA,24343
VA,20186
VA,22911
VA,23851
VA,23055
VA,22405
VA,24422
VA,24201
VA,22407
VA,22701
VA,23662
VA,24017
VA,22306
VA,24382
VA,22603
VA,24541
VA,23464
VA,24112
VA,22443
VA,23601
VA,23063
VA,22611
VA,23413
VA,23452
VA,24522
VA,22203
VA,24016
VA,24015
VA,23901
VA,23704
VA,23185
VA,24314
VA,24319
VA,22027
VA,22835
VA,23093
VA,24528
VA,23805
VA,23226
VA,24445
VA,22903
VA,24090
VA,24055
VA,24651
VA,20164
VA,23435
VA,23847
VA,24557
VA,23970
VA,23868
VA,22060
VA,23692
VA,23947
VA,23707
VA,23112
VA,20171
VA,24219
VA,22480
VA,23113
VA,22192
VA,23701
VA,24244
VA,22844
VA,24517
VA,24402
VA,22033
VA,23890
VA,23666
VA,23434
VA,22601
VA,22980
VA,23075
VA,22041
VA,22003
VA,24614
VA,24457
VA,22406
VA,20155
VA,23505
VA,24179
VA,23188
VA,23661
VA,23509
VA,22630
VA,22560
WA,98382
VA,24060
VA,24210
VA,22960
VA,24352
VA,20110
VA,23323
VA,23421
VA,24147
WA,98034
VA,22812
VA,23235
VA,23824
VA,23924
VA,23181
VA,23430
VA,22572
WA,99114
VA,24531
VA,23238
WA,98250
WA,98284
VA,24521
VA,22482
VA,22427
VA,24171
VA,22973
VA,20165
VA,24293
VA,24301
VA,22191
VA,24212
WA,98404
VA,24091
VA,24084
VA,24266
VA,23837
VA,22485
VA,22101
WA,98110
VA,23831
VA,24401
VA,24290
VA,23927
VA,23061
VA,22150
WA,98372
WA,98037
VA,24277
VA,24348
VA,24592
VA,22031
VA,22802
WA,98604
VA,23002
VA,23116
WA,98837
VA,24141
VA,23224
VA,23487
WA,99205
VA,23060
VA,24273
VA,23005
VA,23936
WI,54848
WA,99111
WA,98310
WI,54140
WA,98230
WI,53083
WI,53074
WA,98117
WA,98664
WA,98133
WI,53950
WI,53406
WA,98239
WA,98632
WA,99202
WI,53144
WA,98029
WA,98002
WI,53081
WA,98270
WI,53066
WI,54304
WA,99324
WA,98908
WA,98004
WA,98841
WA,98942
WA,98070
WA,99344
WA,98506
WA,98683
WA,98003
WA,98405
WA,98531
WA,99301
WA,98125
WA,98499
WA,98116
WI,53220
WI,54914
WA,98948
WA,99016
WA,99223
WA,98109
WA,98607
WA,98225
WA,98366
WA,98057
WI,54840
WA,98055
WI,53143
WI,54013
WI,54911
WI,54301
WA,98273
WA,98408
WA,98584
WI,53190
WA,98203
WA,98022
WA,98264
WI,53120
WA,98146
WA,98126
WA,98502
WI,53130
WA,98663
WA,98409
WI,54935
WA,99004
WA,99362
WA,98052
WI,54665
WA,99336
WA,98233
WA,99109
WA,99337
WA,98362
WA,98226
WA,99206
WA,98221
WA,98801
WA,99208
WI,53118
WA,98951
WI,54770
WA,98103
WI,54724
WA,98674
WA,98577
WA,98201
WI,54302
WI,54891
WA,98444
WI,53219
WA,98550
WI,54501
WA,98274
WA,99033
WI,54759
WA,99216
WA,98026
WA,98815
WA,98290
WA,99155
WA,99169
WI,54115
WA,98944
WA,99163
WA,98503
WA,98926
WA,99156
WA,98272
WA,98312
WI,54961
WA,99403
WA,98851
WA,99352
WA,99218
WA,98903
WA,98208
WA,98223
WI,53147
WA,98368
WA,98122
WA,98045
WV,26757
WA,98406
WV,25855
WV,26155
WA,99203
WV,26505
WV,25276
WV,26201
WA,98112
WV,26555
WV,25801
WA,98118
WV,26554
WA,98136
WA,99328
WV,26062
WV,25271
WV,26537
WV,25526
WV,26241
WA,98373
WV,24740
WV,26354
WV,26003
WA,98292
WA,98119
WA,98104
WA,98501
WV,25320
WV,26041
WV,26101
WV,25701
WA,98198
WV,25064
WV,24986
WA,98374
WA,98563
WA,98370
WA,98108
WV,25322
WA,98335
WA,98383
WV,26351
WA,98331
WV,25832
WA,98040
WA,98558
WA,98101
WV,26651
WV,25550
WA,98855
WV,26292
WA,98467
WV,25661
WV,26104
WA,98686
WV,26508
WA,98177
WV,25404
WV,26426
WV,26847
WA,98823
WV,25304
WA,98360
WA,98031
WA,98007
WV,25727
WA,98204
WA,98812
WV,26330
WV,26601
WV,26070
WV,26038
WV,26034
WV,26250
WV,26164
WV,24954
WV,25136
WV,25523
WV,25702
WV,25411
WV,26206
WV,25601
WV,26301
WV,25812
WV,25570
WV,24836
WV,25414
WV,24901
WV,24867
WV,25311
WV,26801
WV,24701
WV,25443
WV,26807
WV,26416
WV,25309
WV,26134
WV,25510
WV,25086
WV,26175
WV,26726
WV,25951
WV,25962
WV,26261
WV,26378
WV,26037
WV,25113
WV,25901
WV,26362
WV,25840
WV,25053
WI,53562
WI,53534
WI,54601
WI,53214
WI,53511
WI,53228
WI,54981
WI,53014
WI,53916
WI,53566
WI,54901
WV,26764
WI,54469
WI,53208
WI,53703
WV,26147
WI,53572
WI,53551
WV,24801
WI,53095
WI,54494
WI,54303
WI,53073
WI,53115
WI,54470
WI,54923
WI,54669
WI,54487
WI,53573
WI,54166
WI,53597
WI,53140
WI,54949
WI,53188
WV,25302
WI,53714
WV,25287
WI,54017
WI,54983
WI,53913
WI,53818
WI,53718
WI,53227
WI,53223
WI,53202
WI,53151
WI,53538
WI,53719
WI,53211
WI,53959
WI,53711
WI,53098
WI,53191
WI,54452
WI,53549
WI,54449
WI,53142
WI,54751
WI,54984
WI,54165
WI,53536
WI,53172
WI,53403
WI,53215
WI,53963
WI,53593
WI,53925
WI,53575
WI,54028
WI,53589
WI,54871
WI,54157
WI,54476
WI,53105
WI,53555
WI,54456
WI,54956
WI,53574
WI,53129
WI,54740
WI,53045
WI,53039
WI,54015
WI,54011
WI,54650
WI,54771
WI,53186
WI,53901
WI,53525
WI,54114
WI,54534
WI,53213
WI,54660
WI,54154
WI,54722
WI,54143
WI,54002
WI,53235
WI,54151
WI,54024
WI,53948
WI,54201
WI,53515
WI,53583
WI,53086
WI,53182
WI,54945
WI,54843
WI,53821
WI,53121
WI,53809
WI,54656
WI,54971
WI,54761
WI,54952
WI,54234
WI,53222
WI,53946
WI,54520
WI,54902
WI,53929
WI,53082
WI,54720
WI,54499
WI,54742
WI,54241
CA,91436
WI,53057
CA,92127
CA,91745
CA,94530
CA,95838
WI,54667
WI,54546
WI,54548
CA,95356
WI,54124
WI,54812
WI,54730
WI,54541
CA,95687
WI,53158
WI,54311
WI,54801
WI,54728
CA,95610
WI,53085
WI,53048
WI,53092
CA,93442
WI,54552
WI,53949
WI,54451
CA,92260
WI,54155
WI,54016
CA,93111
WI,54153
WI,53184
WI,54773
WI,53811
CA,96003
CA,92518
CA,92630
CA,93291
WI,54733
WI,54853
CA,92225
CA,91741
CA,95823
WI,54762
WI,53520
WI,53005
CA,90248
WI,53546
WI,54655
WI,54130
WI,54837
WI,53050
WI,54555
WI,54616
WI,53545
CA,95209
CA,94526
WI,54732
CA,90041
WY,82901
CA,92701
WY,82601
WY,82401
CA,90249
WY,82431
WY,82001
WY,82604
WY,82331
WY,82410
CA,90008
WY,83101
WY,82070
WY,82301
WY,82834
CA,92706
CA,94518
WY,82414
WY,82072
WI,54758
WY,82520
CA,92359
CA,92648
CA,90403
WY,82201
CA,91606
WY,83001
CA,92324
WY,82801
WI,54020
WY,82435
WY,82701
WI,54829
WY,82501
WY,82633
WY,82009
CA,96020
CA,94599
CA,90293
CA,95376
WY,82729
CA,95831
WI,53204
WY,82514
WY,82240
WI,54904
WY,82930
CA,93015
WY,82935
WY,82941
WY,82716
WY,82443
WY,83110
CA,90401
CA,93108
CA,95409
CA,92545
CA,92083
CA,92220
CA,92708
CA,96104
CA,93306
CA,91911
CA,95370
CA,94612
CA,92869
CA,93620
CA,93309
CA,93644
CA,93010
CA,92243
CA,95817
CA,92064
CA,95988
CA,95203
CA,96007
CA,92128
CA,92311
CA,94954
CA,95210
CA,93203
CA,90241
CA,90270
CA,95628
CA,95928
CA,91352
CA,94066
CA,92612
CA,94590
CA,92223
CA,90044
CA,92801
CA,94553
CA,95987
CA,95301
CA,90704
CA,92270
CA,92395
CA,93465
CA,96160
CA,95648
CA,90031
CA,96150
CA,92352
CA,91604
CA,91701
CA,93545
CA,93420
CA,95542
CA,90605
CA,96101
CA,94110
CA,95448
CA,93611
CA,95202
CA,92315
CA,93247
CA,93422
CA,95901
CA,92252
CA,92308
CA,94559
CA,91208
CA,93240
CA,95121
CA,91101
CA,93063
CA,95422
CA,94002
TX,77504
TX,79907
CA,92084
CA,92122
TX,78611
TX,76945
TX,75551
CA,90032
CA,92675
CA,91345
TX,75644
CA,92882
CA,94941
TX,75169
TX,75214
CA,95008
TX,79707
CA,91006
TX,79605
CA,95814
TX,76022
CA,92009
CA,93210
CA,93702
TX,78414
CA,92130
CA,94304
TX,75501
CA,90260
CA,93960
CA,92704
TX,78735
CA,92656
TX,76821
TX,78355
CA,92284
CA,92821
CA,92866
TX,75057
CA,92227
TX,75216
CA,92886
TX,76351
CA,95948
TX,78852
CA,94587
TX,77904
CA,95035
TX,75110
CA,91325
CA,94010
TX,77035
CA,95403
CA,94025
CA,91306
CA,92027
CA,95953
CA,90222
TX,76043
CA,93312
CA,94062
TX,77703
CA,92831
CA,92562
TX,78208
CA,91361
TX,78942
CA,90680
CA,93514
TX,75087
CA,91303
CA,92026
CA,94947
CA,92078
TX,76629
TX,76106
TX,79316
TX,75686
TX,76302
TX,78041
TX,75180
TX,78749
TX,77471
CA,92040
CA,93555
TX,76247
TX,79201
TX,77063
TX,77029
TX,76134
TX,78207
TX,75495
TX,79088
TX,75979
TX,75604
TX,77057
TX,75657
TX,75702
TX,76354
CA,93012
TX,75149
TX,75069
TX,76380
TX,75833
TX,75446
TX,77964
TX,76060
TX,78228
TX,77013
CA,95354
TX,77571
CA,94123
TX,75839
TX,77511
TX,77304
TX,75090
TX,76834
TX,78044
TX,76708
TX,75418
TX,79227
TX,75104
TX,79762
TX,77520
TX,76371
TX,79782
TX,79521
TX,77590
TX,75080
CA,94702
TX,77642
TX,79064
TX,76689
TX,77630
TX,76233
TX,79520
TX,77531
TX,78052
TX,75457
TX,77954
TX,76105
TX,76424
TX,75402
TX,76642
TX,76248
TX,79322
TX,78644
TX,75051
TX,75140
TX,76448
TX,76570
TX,76528
TX,75961
TX,76645
TX,79065
TX,77072
TX,75228
TX,76437
TX,76102
TX,76360
TX,77378
TX,77957
TX,79325
TX,78164
TX,75563
TX,77859
TX,75601
TX,75656
TX,79510
TX,75160
CA,94588
TX,78237
TX,78384
TX,76651
TX,78648
TX,75494
TX,77554
TX,78629
TX,78643
TX,77040
TX,75956
CA,91403
TX,75006
TX,79416
TX,78232
TX,77480
TX,77371
TX,77840
TX,76704
TX,78582
TX,79413
TX,78840
TX,78503
TX,77536
TX,78580
TX,78160
TX,79756
TX,75074
TX,76665
TX,78363
TX,77502
TX,77868
TX,75215
TX,77662
TX,75503
TX,77656
TX,77009
TX,78114
TX,78040
TX,76667
TX,78539
TX,78602
TX,76661
TX,78834
TX,76844
TX,78214
TX,78723
TX,75972
TX,76050
TX,77864
TX,79035
TX,79504
TX,75227
TX,77963
TX,77016
TX,75401
TX,78016
TX,79606
TX,78941
TX,79119
TX,78109
TX,77340
TX,77076
TX,76444
TX,79763
TX,76823
TX,75479
TX,75040
TX,76234
TX,79720
TX,79364
TX,78064
TX,75154
TX,75159
TX,76367
TX,79357
TX,79241
TX,76457
TX,75243
TX,75840
TX,78736
TX,78377
TX,78748
TX,78724
TX,76092
TX,76705
TX,76933
TX,77375
TX,76137
TX,76055
TX,76255
TX,77384
TX,77478
TX,78759
TX,75638
TX,79735
TX,75703
TX,77038
TX,78664
TX,78251
TX,77018
TX,79934
TX,77351
TX,77575
TX,78387
TX,75951
TX,79045
TX,75783
TX,77074
TX,79356
TX,77091
TX,75235
TX,78408
TX,75254
TX,75126
TX,77550
TX,78732
TX,77054
TX,76877
TX,78628
TX,79549
TX,79424
TX,76574
TX,77055
TX,77004
TX,75773
TX,75209
TX,75462
TX,77301
TX,77581
TX,78415
TX,77546
TX,77025
TX,75082
TX,75212
TX,79903
TX,76033
TX,75028
TX,79323
TX,78626
TX,78640
TX,77833
TX,77515
TX,78410
TX,77665
TX,75143
TX,78758
TX,79567
TX,79553
TX,75116
TX,75148
TX,76471
TX,79772
TX,75081
TX,75862
TX,78374
TX,76849
TX,78660
TX,78962
TX,77061
TX,76063
TX,75941
TX,78652
TX,76548
TX,75134
TX,78245
TX,76308
TX,75785
TX,77008
TX,76951
TX,78361
TX,77077
TX,79930
TX,78202
TX,76901
TX,76530
TX,75035
TX,79110
TX,77856
TX,77089
TX,77056
TX,76426
TX,78013
TX,76126
TX,78220
TX,75237
TX,75218
TX,75662
TX,75432
TX,75428
TX,79501
TX,75002
TX,79705
TX,76273
TX,75042
TX,76020
TX,78957
TX,75062
TX,76119
TX,76117
TX,76040
TX,79924
TX,79070
TX,76511
TX,79536
TX,78071
TX,76014
TX,76904
TX,78613
TX,79057
TX,78254
TX,76802
TX,75067
TX,75009
TX,76470
TX,78934
TX,78753
TX,78121
TX,76513
TX,78227
TX,79245
TX,77591
TX,77975
TX,77494
TX,75647
TX,79415
TX,78003
TX,75452
TX,76208
TX,76148
TX,75559
TX,79095
TX,78258
TX,75901
TX,79339
TX,79109
TX,79529
TX,78727
TX,77984
TX,78620
TX,75966
TX,79407
TX,77657
TX,78639
TX,76859
TX,75044
TX,76825
TX,75948
TX,75946
TX,76505
TX,76520
TX,77503
TX,76309
TX,78375
TX,78621
TX,75672
TX,75949
TX,78731
TX,75070
TX,77021
TX,77450
TX,75845
TX,75440
TX,79502
TX,79027
TX,76692
TX,76116
TX,77339
TX,79714
TX,75939
TX,77584
TX,75024
TX,79347
TX,77706
TX,75976
TX,78734
TX,76016
TX,76015
TX,77095
TX,75034
TX,76002
TX,76036
TX,75093
TX,77049
TX,76567
TX,75077
TX,78154
TX,75098
TX,77474
TX,77099
TX,77377
TX,79512
TX,77014
TX,75204
TX,78654
TX,77379
TX,77493
TX,78076
TX,75019
TX,77836
TX,78741
TX,77962
TX,75189
TX,75013
TX,78754
TX,77568
TX,78665
TX,77505
TX,75252
TX,76244
TX,77084
TX,77461
TX,75032
TX,79925
TX,77389
TX,79022
TX,77045
TX,75708
TX,79244
TX,77479
TX,77434
TX,76065
TX,79927
TX,75570
TX,77083
TX,76087
TX,76691
TX,79312
TX,78738
TX,75071
TX,78634
